file_path,label
data/malignant/11919_1007401721_png.rf.1677dc67d8726012f7c55009bc7cda53.jpg,malignant
data/malignant/54930_1501829050_png.rf.ba90cc404381591390da4ca0b41cce82.jpg,malignant
data/malignant/13116_234842188_png.rf.1798c19ad50a2dc4f313c4e7ba6a7017.jpg,malignant
data/malignant/27344_2060786840_png.rf.8ade2ca54a556cab036557bc90019d3e.jpg,malignant
data/malignant/13116_739383742_png.rf.e8476c479b4d50ad1be38e5319cf6ee9.jpg,malignant
data/malignant/6303_1731900075_png.rf.6c974b7953fe9f738c44c6b2cd88650e.jpg,malignant
data/malignant/31046_2083156336_png.rf.f5fdd6ad89a05f6dabf089d80f9dbc7e.jpg,malignant
data/malignant/500_1923583324_png.rf.889283e95d3010ff0dc37dd6e071a88f.jpg,malignant
data/malignant/4083_61389923_png.rf.cd77e1b6149e49468ab70c547dd3780e.jpg,malignant
data/malignant/48171_373646784_png.rf.b76fa0111f39f85ba2c9b4e6d455b1cd.jpg,malignant
data/malignant/9014_958727958_png.rf.a16c2dec38184da981c0642270857298.jpg,malignant
data/malignant/39280_1448042992_png.rf.4882a9f90d7c229b4115c28d0de3e515.jpg,malignant
data/malignant/47055_1319601220_png.rf.eedef8b15460e7a6a1dd96b663efefd2.jpg,malignant
data/malignant/1963_159974570_png.rf.15b822f73d2e067f925daaf3684d0783.jpg,malignant
data/malignant/16451_349554513_png.rf.ae167c62009cb8cc1fbec35329e44156.jpg,malignant
data/malignant/39747_508899078_png.rf.7817a3246d5336f7625de94f4b3ad8bf.jpg,malignant
data/malignant/57153_28264075_png.rf.d12191889570e64dfe62ff7ba7455896.jpg,malignant
data/malignant/25423_1982596702_png.rf.43530d69adff658ff65e002512518d97.jpg,malignant
data/malignant/34987_1261226096_png.rf.99fe1b55bec07544bfdeadba93c20984.jpg,malignant
data/malignant/64534_1420658905_png.rf.94ae541e72c8d1da11b8c4002865bd63.jpg,malignant
data/malignant/37724_1125393084_png.rf.ad6b37b7f19f26cfbea956867cd6c39c.jpg,malignant
data/malignant/34676_966865143_png.rf.2928d2e4a1249d148fc3ef7da4390a38.jpg,malignant
data/malignant/48230_386832097_png.rf.8337aec733404f961d669d2319223d94.jpg,malignant
data/malignant/38537_1325952776_png.rf.a12331efdbf94350741f5fe5660e75e8.jpg,malignant
data/malignant/11919_1017363921_png.rf.98e2ed29aa2a9059e676d21d1ffad1c7.jpg,malignant
data/malignant/865_806916891_png.rf.a6e5f378cf8556959136c8919fc7dbac.jpg,malignant
data/malignant/53115_1903183388_png.rf.379d7e2647764f02d848127e029c705a.jpg,malignant
data/malignant/11817_1812305728_png.rf.e528011f04c76ab3d7928dcc2f19a862.jpg,malignant
data/malignant/40163_428403131_png.rf.2048404edb5519a29871b09909ae1152.jpg,malignant
data/malignant/47212_424911657_png.rf.764f31b8278c1b49ad58e060f3d178f1.jpg,malignant
data/malignant/28620_669303826_png.rf.16415d83568b02f01218e7fed40cfc90.jpg,malignant
data/malignant/25323_1245090607_png.rf.bbce4feca567d1a4333f843aa2da42ab.jpg,malignant
data/malignant/31750_1770948600_png.rf.b41714d369882b4244c742f7bcd17710.jpg,malignant
data/malignant/49176_1538523389_png.rf.e2ceeab4017031644f6af5aed2c009cf.jpg,malignant
data/malignant/16694_511030638_png.rf.60a93bc8727cd352222d8c9ba3ed7475.jpg,malignant
data/malignant/50600_1317862974_png.rf.d24c51451535828d66a37c9887b15265.jpg,malignant
data/malignant/24947_145170954_png.rf.949f3ac70f08ca5f92a47b756000facd.jpg,malignant
data/malignant/38727_1338411990_png.rf.cff3a35a1edfbfa70611378f847a1029.jpg,malignant
data/malignant/31364_1874730575_png.rf.6380ed1b16c90fcad8f6c8f09b72539f.jpg,malignant
data/malignant/236_1531879119_png.rf.d2dac57247715c2a5313813b446c7f9a.jpg,malignant
data/malignant/13756_1210098281_png.rf.ee158ad8bcb2b0a142ed60c01f2a86e2.jpg,malignant
data/malignant/8248_1228024526_png.rf.ea6f92553c389bd982898430410f7c2e.jpg,malignant
data/malignant/15078_1167308429_png.rf.ce15d55a44de45fea8d77a8cd4d722d5.jpg,malignant
data/malignant/12522_212923136_png.rf.26208811c7dc09e481b940203f6cd9f5.jpg,malignant
data/malignant/60001_1236280814_png.rf.dda9f17dc55998d6c9b2d523a86760dc.jpg,malignant
data/malignant/7493_1819571324_png.rf.ef6f8f53c3ca33fb7fb4740c82d4c1e7.jpg,malignant
data/malignant/30435_137928966_png.rf.4fb578611a7d80d719d8d851e6192f8c.jpg,malignant
data/malignant/6659_1877249993_png.rf.c26d9f399f8556fc101ff5900c9e5984.jpg,malignant
data/malignant/10589_605115808_png.rf.1347e9f5e2d4318af5170589b8eff89d.jpg,malignant
data/malignant/63053_151272201_png.rf.bb2bef850ff237fedb058f1e785325d9.jpg,malignant
data/malignant/57444_972684809_png.rf.3c0d31e520e877e1dcc72a870df6485e.jpg,malignant
data/malignant/22502_1283804942_png.rf.3ae2313d4bdc0941457740c77363380c.jpg,malignant
data/malignant/283_352547246_png.rf.b380875c951e9154d78345bec6083dce.jpg,malignant
data/malignant/4202_1775490159_png.rf.b76699be105c3556369070b24d6bebfa.jpg,malignant
data/malignant/36748_240108548_png.rf.712ae17fc63ae566140131d9b1aabf9a.jpg,malignant
data/malignant/12153_1827516400_png.rf.9aae00cece7b8628b52df90af8e046d5.jpg,malignant
data/malignant/40774_1246979925_png.rf.2cbb2a500eff480f428e28b509e2ea38.jpg,malignant
data/malignant/59347_2040824439_png.rf.3dcd5617468b3815b0c372b34319ce35.jpg,malignant
data/malignant/27344_207495802_png.rf.47b2ea028e0b1db3b6494bbd7e9b5735.jpg,malignant
data/malignant/33583_1017441251_png.rf.777d5153aa4c3c8b4ff4c18d94d6a3fc.jpg,malignant
data/malignant/62401_1606971612_png.rf.331a55933305572e88ed2aa44ca56a4c.jpg,malignant
data/malignant/35847_2041771555_png.rf.a01129ab528f85ada502831ae862236f.jpg,malignant
data/malignant/49461_602369659_png.rf.b8ab2467d2cfc545f1fd92e80b5327cc.jpg,malignant
data/malignant/11249_1820235658_png.rf.4c2cd0cb69b8f11724377f52b42fc021.jpg,malignant
data/malignant/25432_1283242087_png.rf.51e31f7e809059e719d7b3b4b44bc7e9.jpg,malignant
data/malignant/56139_1055428975_png.rf.7fc89ad799a1fb7836025f021148c04d.jpg,malignant
data/malignant/25323_106495931_png.rf.a478100005c00a298306c0a2eb4d3be2.jpg,malignant
data/malignant/12282_2025746473_png.rf.95751953c17a609623ff93cf9291e730.jpg,malignant
data/malignant/62608_344315857_png.rf.d519f3ad06c6410ff6f75291c3c30868.jpg,malignant
data/malignant/53636_1322837831_png.rf.20eca5e52d511c05bcd286bc48e695e0.jpg,malignant
data/malignant/34053_390797277_png.rf.e76687c68f8c0da53411c2d0a1e42204.jpg,malignant
data/malignant/12485_1563019139_png.rf.dfe1c384f508eef72666dea9a7e7742b.jpg,malignant
data/malignant/44709_650076091_png.rf.cb719472bb296cf9918870add539d2c1.jpg,malignant
data/malignant/46309_1515316856_png.rf.bb677fca7820a5171488ed6a8d7c38b1.jpg,malignant
data/malignant/61046_770259258_png.rf.bcab1c9fc8d5e2d88dafe1aa1e0dd1d5.jpg,malignant
data/malignant/51498_235064489_png.rf.d53a053f90e10816e53b36f109e8ceb2.jpg,malignant
data/malignant/11341_1810004579_png.rf.e301daf922626b57e542ef9b2c150425.jpg,malignant
data/malignant/37032_1243050806_png.rf.733846bab2dde1d313770376a1b610aa.jpg,malignant
data/malignant/35847_1069414688_png.rf.fb0ac5f289dc8e9d9e54d3d2a849acc5.jpg,malignant
data/malignant/25709_1410656943_png.rf.f7f1665b154fdf5097247a68ce8b1bd7.jpg,malignant
data/malignant/5911_1491483248_png.rf.4e8822ed7952cdfc16ca3db3492f868e.jpg,malignant
data/malignant/46225_712156607_png.rf.a9de156d3c1022d82eada6883401e7fc.jpg,malignant
data/malignant/13463_834999110_png.rf.a86961ef591125ebba983e3a937b07a2.jpg,malignant
data/malignant/11094_1417771843_png.rf.c756f7e88d3bfcc8be5f8fb561073a40.jpg,malignant
data/malignant/37032_1897605293_png.rf.ade4488edb613cb0915c8268b8a7ab42.jpg,malignant
data/malignant/4340_1757286067_png.rf.75c7191bd4418a802d089691300da2ce.jpg,malignant
data/malignant/21928_769477628_png.rf.cff9ae6a0ec9aa885a24c5e46e5e197b.jpg,malignant
data/malignant/33583_326653717_png.rf.97b1172933b98eed00a61f49905578d2.jpg,malignant
data/malignant/9481_1205921930_png.rf.2865f6232dc03ad3e209d391c84704fe.jpg,malignant
data/malignant/2938_247535701_png.rf.a952c1d3a66a2a2dc74a022affda42f9.jpg,malignant
data/malignant/31107_1117699183_png.rf.3bff6c71b26f8d4400c9698439faa4e7.jpg,malignant
data/malignant/16249_1313318609_png.rf.f0966af01a88608ad6f74496c396f2ba.jpg,malignant
data/malignant/55755_939219490_png.rf.dd483092e56607ffa7f806565267c300.jpg,malignant
data/malignant/4824_1764642297_png.rf.3a899ad00663a28c28d1b93f3636bb67.jpg,malignant
data/malignant/54084_192075335_png.rf.04750b22bbd72c5c1788ae03a9224434.jpg,malignant
data/malignant/9167_402545081_png.rf.df3c9601db2e96272c90d53763dcb65c.jpg,malignant
data/malignant/39401_1901397658_png.rf.218dbdfff6591671c75a8110bc611828.jpg,malignant
data/malignant/5059_1282273619_png.rf.16c14f192e0e91647b4f8c8f6e44bf35.jpg,malignant
data/malignant/15696_891457301_png.rf.e3fe46334d6e10ead692a563a9a8d298.jpg,malignant
data/malignant/25909_1201889471_png.rf.38d01b8d1fa49d040cc7342d15d156cc.jpg,malignant
data/malignant/44225_662938196_png.rf.2987ba4b06669dbac3a7c7045d8dac99.jpg,malignant
data/malignant/26048_86117089_png.rf.86b13cb0eabfb635b72ff36d37c36c6b.jpg,malignant
data/malignant/59347_931918335_png.rf.827f425ca1161c5cf247bfa79c53804d.jpg,malignant
data/malignant/36174_144780883_png.rf.33d6be0ad1765c24e598ea224b534306.jpg,malignant
data/malignant/4917_947417149_png.rf.d677668515723fd0eb2f2ce76e8797ec.jpg,malignant
data/malignant/37032_2094451064_png.rf.3768c1942e355269a04d2e801db403e8.jpg,malignant
data/malignant/65224_200271231_png.rf.82eb4f4e0bfb09671ee592a610e5c0a0.jpg,malignant
data/malignant/34987_562433892_png.rf.2dd2bef66f36d5c96e1e2c438ae4d4ac.jpg,malignant
data/malignant/31581_802662148_png.rf.fb703168dfcc59dbde7827361db2eb02.jpg,malignant
data/malignant/60617_1075848024_png.rf.277d3534ba7eb3c68c2a1f4089dcc068.jpg,malignant
data/malignant/12195_100147863_png.rf.67587515685a959feb2ba204b71aa7d6.jpg,malignant
data/malignant/62608_630693798_png.rf.a8f2c28273838dc0e7b06e45158af209.jpg,malignant
data/malignant/1524_1856057994_png.rf.a1ee4a0a65c3b00b0163208f25f9330b.jpg,malignant
data/malignant/31864_1866737520_png.rf.19b4a2e9080c0d8ce007e4d1c25938c0.jpg,malignant
data/malignant/2346_129609192_png.rf.3166d590c2d24623f69a9ac2ca9ea244.jpg,malignant
data/malignant/8675_1456775466_png.rf.8e11144e3711944b71dd373c86e6c40c.jpg,malignant
data/malignant/37012_98489338_png.rf.3ac72340112326aae04b2070a5f074c0.jpg,malignant
data/malignant/33594_77581347_png.rf.6a705bfdc0bc9910a24c2521f8796856.jpg,malignant
data/malignant/16145_146978545_png.rf.6307c2b7d82d05ca484c5f6935f123db.jpg,malignant
data/malignant/47055_102668587_png.rf.56730d9a8e8a7da84a098d2c71371556.jpg,malignant
data/malignant/59322_1061744056_png.rf.4910e44e482ecbc9a9a068b3b801b2b3.jpg,malignant
data/malignant/44709_1700493110_png.rf.cbfdfbcbb083c5bf89d68f372e2aaee4.jpg,malignant
data/malignant/57218_1551310129_png.rf.2ffe83190c5ea4aafd20eb61d713a4a1.jpg,malignant
data/malignant/3670_87674192_png.rf.5d332d182f8118508884690bcee798c1.jpg,malignant
data/malignant/38123_228885438_png.rf.b66b9400f14dcddbd2d00fb47f7c7a39.jpg,malignant
data/malignant/48368_1464175162_png.rf.5fd14c85c404443102d034a2df7a297c.jpg,malignant
data/malignant/25709_1643117062_png.rf.2e6f145ceb8124638e83c4ea66e38352.jpg,malignant
data/malignant/42857_2134992811_png.rf.1896c1703d7196bfc5c9bb194c34218d.jpg,malignant
data/malignant/25550_1138491602_png.rf.1b488ec76759a8906cbc247533d8dcf7.jpg,malignant
data/malignant/7151_396925350_png.rf.ed150e9bccae5ba214f59e56720aacf5.jpg,malignant
data/malignant/32527_713303658_png.rf.5bca3a6d1f8fd751193bcc442875d683.jpg,malignant
data/malignant/18399_524320770_png.rf.0a08cf978b09c9035600afbc817edb24.jpg,malignant
data/malignant/54085_234391345_png.rf.db083d02eb21d90265d1ecf4fbf167b4.jpg,malignant
data/malignant/8403_1710665236_png.rf.d334dd3523715b27550ce40c1f14416e.jpg,malignant
data/malignant/54085_1006201562_png.rf.285406ba03c8e9d4ca30ff53e7d130bb.jpg,malignant
data/malignant/57525_550007476_png.rf.6a0c0b58dd772408ba47aefb61e2df46.jpg,malignant
data/malignant/2346_754579791_png.rf.d9d9dabd9c8ec11b77cc11ff02ced374.jpg,malignant
data/malignant/20009_863999353_png.rf.75d79eacffe13aec32345500849054dc.jpg,malignant
data/malignant/9707_1900919592_png.rf.01ffaba64c1bbab597cef7d81bb57d26.jpg,malignant
data/malignant/22616_1690035103_png.rf.06e96985d4de7ab143bd52a9243f7e9d.jpg,malignant
data/malignant/27275_1280544598_png.rf.44bd0aca9681d68137dfdadd37dbeab2.jpg,malignant
data/malignant/30262_1705776751_png.rf.863b22d869a3e19189ab848d8b066d61.jpg,malignant
data/malignant/15696_1147761893_png.rf.4ccc64eb528e034d864db36034176ea1.jpg,malignant
data/malignant/30836_1177448351_png.rf.70d825e79c6fb4b7d0cfce6a7dc1e7a2.jpg,malignant
data/malignant/36034_311083578_png.rf.d973aa6b6e04b7d18d314795a98d592a.jpg,malignant
data/malignant/15945_890480233_png.rf.fb7e0cb4bb2e870c9acf2f88e42d7968.jpg,malignant
data/malignant/47280_1058632970_png.rf.fee6f4eab97069ce65848a95a83f0226.jpg,malignant
data/malignant/64018_259642159_png.rf.5da3e4e5c82d42ed263f11b9eedbad8b.jpg,malignant
data/malignant/28936_218134651_png.rf.f134a06a7223d0738c48f2986dc47aeb.jpg,malignant
data/malignant/20053_1290216893_png.rf.c28ad56b2f4d442a7203832cdaff3608.jpg,malignant
data/malignant/34962_1690489424_png.rf.4b7714f4f1120f9e77e186476406070b.jpg,malignant
data/malignant/8631_155909056_png.rf.a6ee33a0692100e3d0d2c83504715791.jpg,malignant
data/malignant/20923_1507275789_png.rf.d7cc06f0ceab037d111015f86b8cd633.jpg,malignant
data/malignant/51498_274766802_png.rf.b5d1edd6bd61f1ba65d9ed7ce0425b9f.jpg,malignant
data/malignant/25432_2058514481_png.rf.5ec7c7ae9de3fe894c4f2226bb630055.jpg,malignant
data/malignant/34676_1586860851_png.rf.182dbae4bd2854f214cd465f0d610605.jpg,malignant
data/malignant/4953_146985323_png.rf.204f0edb7464eca1431e66db8f0e476d.jpg,malignant
data/malignant/1963_1044828729_png.rf.8041157e4de2941e637160ef5fd08b42.jpg,malignant
data/malignant/31581_1958305648_png.rf.cea3036df6d65e801910c55bc85b40dc.jpg,malignant
data/malignant/9167_906855351_png.rf.b1894e989822e97c1d0195136f468e0d.jpg,malignant
data/malignant/47055_998306444_png.rf.290c000069d4bdd2167443010cd0766f.jpg,malignant
data/malignant/35641_1646496367_png.rf.98d39d69aa54561d16e1d330672fe650.jpg,malignant
data/malignant/21923_138972646_png.rf.c3d5a765fa1183be70df2dcc47dcbd70.jpg,malignant
data/malignant/26871_568161399_png.rf.7f4a21b07e5dd126162c41d4d0e976c8.jpg,malignant
data/malignant/5444_1092783603_png.rf.14e969babe3c3120b985f610f1688a84.jpg,malignant
data/malignant/63706_696679390_png.rf.17d5795f9279c0416db0e04493bbe4b8.jpg,malignant
data/malignant/26871_2012134319_png.rf.b74ca29dcd98c47ed5e04e23be751d3a.jpg,malignant
data/malignant/28747_650006359_png.rf.a4e94962ad7897e5edad9d4547ff9bd1.jpg,malignant
data/malignant/53727_155551003_png.rf.4fcdc2c423de7e0ee0acc9cac84229c6.jpg,malignant
data/malignant/37012_531540217_png.rf.bb9dda088ebc867a81a782b66668828d.jpg,malignant
data/malignant/10130_1672636630_png.rf.52c6d1c8c6c58c5c1c5fcaaf57feb81d.jpg,malignant
data/malignant/1878_189362032_png.rf.062a964842f9ef5d21bfd326063e3029.jpg,malignant
data/malignant/26700_1878879697_png.rf.b14a0f56e86deaf0f410e30d5b8fe277.jpg,malignant
data/malignant/6654_1480395667_png.rf.863de2749204dc94d57498c308e95cfe.jpg,malignant
data/malignant/44676_630962_png.rf.6c74b681095a14d0d13f1ee73533a29a.jpg,malignant
data/malignant/30435_766498043_png.rf.a6f83a89c76b6f26ef0f020ede2b07c8.jpg,malignant
data/malignant/20251_401181500_png.rf.75a279275b28ca2395ee52fa71b8fb3e.jpg,malignant
data/malignant/48350_253719295_png.rf.1546725de8f437e2b701f4a065357d3f.jpg,malignant
data/malignant/11365_199041775_png.rf.f8d278112053fd106f266e6c2db15fb4.jpg,malignant
data/malignant/4824_1294872933_png.rf.49e8dd57173992dddbaf8a9d06e4107d.jpg,malignant
data/malignant/59322_1797886948_png.rf.8e6543c09745beff5a99de785383eee5.jpg,malignant
data/malignant/30317_991310893_png.rf.ceca8275ed68e489c61d320748525ded.jpg,malignant
data/malignant/63226_1084546948_png.rf.e89f54db24d0cc4fd207eab03464840c.jpg,malignant
data/malignant/9481_1662311140_png.rf.53eb67fb00dc5301a2148a9941899863.jpg,malignant
data/malignant/6038_39672040_png.rf.f9f9acddf89cb60916c3026f436156bd.jpg,malignant
data/malignant/58195_631926753_png.rf.432608636c1ca06f0464a5eca01c82e7.jpg,malignant
data/malignant/45137_847490588_png.rf.d50c90b70a89ed19e975a6478e7c20ae.jpg,malignant
data/malignant/54463_706555257_png.rf.7741e686041279b574ea049fe8b868c7.jpg,malignant
data/malignant/16518_1531151973_png.rf.aa91d363ee6dec2bb02a493e7c05da16.jpg,malignant
data/malignant/44836_1251408203_png.rf.7ec06d8154f392547032894d94d926ae.jpg,malignant
data/malignant/49520_767878280_png.rf.0f92c6fcdf5504a8a3645c09ca9243de.jpg,malignant
data/malignant/19003_2082874992_png.rf.577c648e5f1d6fd34959ce509a92ed14.jpg,malignant
data/malignant/32527_701842729_png.rf.20b25a6284e1f3a1df6e32c7893a27fe.jpg,malignant
data/malignant/37213_238138823_png.rf.8f92083417cfd84f8eb816ac3f99216e.jpg,malignant
data/malignant/32517_1892888100_png.rf.ff8b6aad66e3e9a74e29546328ca99f1.jpg,malignant
data/malignant/37032_1291044944_png.rf.e61eb852e8c9e6dce4bb71665e5552b0.jpg,malignant
data/malignant/48171_310453629_png.rf.3ff5f1d5398e10a9fd40bc546822f413.jpg,malignant
data/malignant/39280_334248774_png.rf.45b8b0ae951b56caf6741854ea3aab82.jpg,malignant
data/malignant/45810_2129233566_png.rf.0cb71d1b0a840119c0a448f62b741a6d.jpg,malignant
data/malignant/51609_280430685_png.rf.24bf0bdf5529630707583821b8e003e3.jpg,malignant
data/malignant/40163_744975647_png.rf.8ebb06422c0fceb3e0269074b88234dc.jpg,malignant
data/malignant/55148_1055402003_png.rf.396a81c70b3aab6ecbd174d44e8fb1f3.jpg,malignant
data/malignant/49461_2132016159_png.rf.e6ddbb28fefc921265c45a751b66e99d.jpg,malignant
data/malignant/13845_1772525431_png.rf.736f8254960015a815f2b6100c0c7d8f.jpg,malignant
data/malignant/10638_311168378_png.rf.7ef722d2719ba63452148c5fbdf6d0c5.jpg,malignant
data/malignant/7780_512684699_png.rf.b0c2e9f319f07e09875a85e30ace1a04.jpg,malignant
data/malignant/11937_1767654639_png.rf.633ec8c17e16a36e0ed80f99bd4c02e8.jpg,malignant
data/malignant/25187_84833951_png.rf.f6b88349e25f4ccc343ca2c5ab813372.jpg,malignant
data/malignant/57153_676165775_png.rf.6b73859a6ce8eacdd4a52a09b5f1a887.jpg,malignant
data/malignant/32881_1524699538_png.rf.f72af344f0d7df076fcdd80ca3306976.jpg,malignant
data/malignant/19171_1523165025_png.rf.81d8947860b49527e7f88254c1afd3dc.jpg,malignant
data/malignant/65077_1245656905_png.rf.de347806cedd324639deeae4291b45ca.jpg,malignant
data/malignant/32881_1900457997_png.rf.b257fcafe2c884f82eb8cad3db2bea09.jpg,malignant
data/malignant/26974_592583896_png.rf.a2f8c2492f4a2724d94c90323010e808.jpg,malignant
data/malignant/28383_2036138693_png.rf.0be2c9c3098e2d95fdad278428dc531f.jpg,malignant
data/malignant/32740_208676208_png.rf.513eee7fb045d5effa29654fa3b1b771.jpg,malignant
data/malignant/2989_406764921_png.rf.e0a9a981a749cbbc4c7ebce850544e37.jpg,malignant
data/malignant/59806_2119940867_png.rf.fb07fb53e9bbc1e3e703db52a114a051.jpg,malignant
data/malignant/32911_1468636829_png.rf.e0ce1f73cf7c96c8604dddd91e7ff540.jpg,malignant
data/malignant/8631_280870762_png.rf.3609d8eb5e93a2c1f043d14133815ea0.jpg,malignant
data/malignant/27827_1845993877_png.rf.d89917cae75086ab88c8cdcddf75f82d.jpg,malignant
data/malignant/46014_1205666736_png.rf.cc32ce0b93dabde9e630cc7b2e50b4af.jpg,malignant
data/malignant/39401_253372914_png.rf.9f144a34831d1ec1786659bc03317095.jpg,malignant
data/malignant/8732_791267021_png.rf.9f73f6945d3d7a0c2681f0c4be75d63d.jpg,malignant
data/malignant/24916_378623093_png.rf.fa7a6ff31806dd63a4005b74c3307b69.jpg,malignant
data/malignant/10940_888426604_png.rf.05feb46eb5f88a7b846a098fb772df34.jpg,malignant
data/malignant/13756_1928377168_png.rf.5185d449aa46d746480ce632d48c0684.jpg,malignant
data/malignant/20009_936994890_png.rf.e020cacef985d8dad8334df4c9ffb267.jpg,malignant
data/malignant/19486_583119542_png.rf.62e8f90062d3f478a9a4a16faba24e55.jpg,malignant
data/malignant/16639_1312979917_png.rf.0d0f13246f99938100aec8e53390bbb9.jpg,malignant
data/malignant/28989_382116832_png.rf.70fc9fea875ced5c2912c3b9dcee91d1.jpg,malignant
data/malignant/37931_1272825640_png.rf.52c32b6bdbd0629007a7f0a1cbe9fcfe.jpg,malignant
data/malignant/10589_195400299_png.rf.00c51b097c43277a63aade14d12ea93e.jpg,malignant
data/malignant/37931_1892232224_png.rf.8cf06c2d8913f8d31283ba61afe9b845.jpg,malignant
data/malignant/38040_336602586_png.rf.45f20f90c7208bb18a6229a4cb23e2a7.jpg,malignant
data/malignant/34962_1766220026_png.rf.78b8310061fd05daff03deeeebb470a4.jpg,malignant
data/malignant/53358_2022548083_png.rf.623ae9138e8fc9df8fcd53b33b895994.jpg,malignant
data/malignant/30093_125432531_png.rf.243293d5af20a2459fb5d0e44fcb117e.jpg,malignant
data/malignant/61560_467349548_png.rf.c3341ead2307f720155c22c83ef23a83.jpg,malignant
data/malignant/42581_685597752_png.rf.7a59f17fc1840e3ec6233734777da202.jpg,malignant
data/malignant/52181_1349529516_png.rf.e24e5ca29aa4958be6d127069aaecc73.jpg,malignant
data/malignant/53360_1973582111_png.rf.f1cf2091b4edd56584d7e8a2f1f39444.jpg,malignant
data/malignant/50078_474211829_png.rf.2abbbd9bd8546a4b8419d130de43bacd.jpg,malignant
data/malignant/11094_1086977375_png.rf.8ade1f4534db1b0194835a1c92bf4e17.jpg,malignant
data/malignant/41010_1394148389_png.rf.b0e3312b35a0422deb5428422318c52c.jpg,malignant
data/malignant/28634_1562558660_png.rf.545a521d42d399384aac4c93ed15a59d.jpg,malignant
data/malignant/4083_1022886281_png.rf.dcb8a0941919b7c0634652c38a063df1.jpg,malignant
data/malignant/10226_461614796_png.rf.f590baf457e428552664c33387c6ef49.jpg,malignant
data/malignant/28747_2075658562_png.rf.75c96ab77790b0b187ccde37b5a18236.jpg,malignant
data/malignant/27861_1223771520_png.rf.79272b5499837e62b280e29d71c8f756.jpg,malignant
data/malignant/9559_1174804734_png.rf.3a0b1ff336c8d67e570bc40d1125f599.jpg,malignant
data/malignant/41530_788648186_png.rf.a121221d82c76b00ff69dcf93a985cd8.jpg,malignant
data/malignant/7196_976434791_png.rf.02d6ca4fb7d7e462675747d6d6038f9a.jpg,malignant
data/malignant/51697_1244710301_png.rf.8cddac9a3c42ff60e7d4bbde82960120.jpg,malignant
data/malignant/64930_1754969656_png.rf.b8536a9ea6e1ab9d7cde3ac65f5e6901.jpg,malignant
data/malignant/61490_1035631534_png.rf.3cfed608fb9b79cc7630dfc337f6e0a3.jpg,malignant
data/malignant/53659_297086361_png.rf.48a7382a70a2db2655b7210675cad6d5.jpg,malignant
data/malignant/37724_1189929071_png.rf.44080e617c8fd015cbe15bf143d7e121.jpg,malignant
data/malignant/38123_1237041576_png.rf.ed45eedc37fe156425376fa2fefbb0d3.jpg,malignant
data/malignant/30836_714251521_png.rf.1000c47fd332d7b821d6d3af1a2f6547.jpg,malignant
data/malignant/13331_1187678911_png.rf.7a9170bbfe485a8612cb5ba1372bec0b.jpg,malignant
data/malignant/27827_222966937_png.rf.c16b57db8b95bba4f6bc1f196e5744d7.jpg,malignant
data/malignant/61046_782049033_png.rf.60587ee03e5f6e4ba8a04c3d3319832b.jpg,malignant
data/malignant/31864_873474308_png.rf.c570da0c75ef067828fa3ba55003bf75.jpg,malignant
data/malignant/21315_842119228_png.rf.325466dad96c419bb70a3163653329f7.jpg,malignant
data/malignant/26974_744299051_png.rf.3020b5e0fe4d499c61c834fec8c1ad9a.jpg,malignant
data/malignant/60410_401151862_png.rf.ae1d060c4520a001fe6b3c50cb99b772.jpg,malignant
data/malignant/50250_1019022758_png.rf.b8e2f36f0c1eb6a62d7c748e908ae5d1.jpg,malignant
data/malignant/63226_593509035_png.rf.4a98d3eb06fcc4da03f6cc03f7d72eb1.jpg,malignant
data/malignant/57444_2137661476_png.rf.590c08792001b0342632fad3989a1883.jpg,malignant
data/malignant/21067_1511749844_png.rf.b7a36115600d19e4628b9abadf629d7b.jpg,malignant
data/malignant/6303_1925785468_png.rf.05672087b73c4569580e8a516de15509.jpg,malignant
data/malignant/4696_1846316095_png.rf.49cae3aaa56d6f05eb8b61adab0a3601.jpg,malignant
data/malignant/18026_1303889904_png.rf.2dcce472c16b34058e7a487cf142d6ce.jpg,malignant
data/malignant/28989_1223569992_png.rf.183790e5f1104075c1862b464bab168c.jpg,malignant
data/malignant/6018_640156723_png.rf.5eb805b0b149d95bb420ce7fa0f2daa9.jpg,malignant
data/malignant/47382_208877180_png.rf.d9b4fa84b918a42bf217af571cb13467.jpg,malignant
data/malignant/6018_998355765_png.rf.8f72ed04fe5969d0fbe8571f2d51b373.jpg,malignant
data/malignant/31745_1974157960_png.rf.29eb231b642c04972ded38c7f73c5351.jpg,malignant
data/malignant/37213_268400743_png.rf.e0fe8b3e8447a98334e8849d87af7940.jpg,malignant
data/malignant/14292_483720215_png.rf.2049e3063fad2757edb3c1ae898af409.jpg,malignant
data/malignant/21445_871365777_png.rf.dcc695f0d3d625dd0353fe486ddddc6a.jpg,malignant
data/malignant/5608_908319767_png.rf.9189a6db2fdb14061c059abce5e27620.jpg,malignant
data/malignant/56328_846169117_png.rf.fea4bb1cb283444359976e6761d2c875.jpg,malignant
data/malignant/21888_600924094_png.rf.92147b55eda522aae055c2bbce458aca.jpg,malignant
data/malignant/51697_1361957686_png.rf.9f91638b7b4f4febdb7d81ca127003c8.jpg,malignant
data/malignant/25423_1605876492_png.rf.d3859902d3a68eeba27ecc094b613081.jpg,malignant
data/malignant/7053_212800963_png.rf.de4d278b0c2e6bda45b782c6a24491ab.jpg,malignant
data/malignant/31745_953022973_png.rf.c939f480038a80d43d58e7dcd92fb203.jpg,malignant
data/malignant/11249_1915182298_png.rf.6b5c30b3ea296dea6f972ccd7c6cc87d.jpg,malignant
data/malignant/24916_801684731_png.rf.0deebcf0a89db1cb3672c5671e04db45.jpg,malignant
data/malignant/39085_900604810_png.rf.6c6e8a79b589679c1f7dabb009ae9c96.jpg,malignant
data/malignant/24643_748841369_png.rf.a97c2caa96ef07c26c30f7b1389362c0.jpg,malignant
data/malignant/52181_1884342055_png.rf.0549b23ee86ebd8b7ede27f8c585f653.jpg,malignant
data/malignant/26700_88710137_png.rf.43ae344ca68d4918fdd7daa32d23bd7f.jpg,malignant
data/malignant/15945_1149915293_png.rf.946abff290c9f71726ce57118b66bc41.jpg,malignant
data/malignant/59322_1392394047_png.rf.6db1b8e0d8dc97761ba53b3597416a6d.jpg,malignant
data/malignant/17894_446858992_png.rf.c361dc84e388a0929c919a6db03dea59.jpg,malignant
data/malignant/28785_52731467_png.rf.c0a62c624ad2a3d9de68906ca52a4731.jpg,malignant
data/malignant/65244_766694861_png.rf.48457fafdd780ff4778640eab6c93547.jpg,malignant
data/malignant/50583_863276520_png.rf.c5fa1b350a82569cc19f43e4f4e7195b.jpg,malignant
data/malignant/61825_1951468322_png.rf.3e1d22ee00e458eb28cfe2f9afe7c7ad.jpg,malignant
data/malignant/30262_1595178275_png.rf.0af311c382af615bbbf32eb7924edf75.jpg,malignant
data/malignant/43880_290983776_png.rf.008f410ca5495086a6a31460461043e4.jpg,malignant
data/malignant/64456_1305207914_png.rf.86b8d127f708cf295cd6fd6ee6ed08a7.jpg,malignant
data/malignant/50250_1183910043_png.rf.4ca1c243ebb779a31e3f28d80c6cd353.jpg,malignant
data/malignant/31581_472422304_png.rf.be58378bff14cfda3d8ea59cb846c868.jpg,malignant
data/malignant/36706_1533561690_png.rf.5d41ee08dbe543584cab919afb60f565.jpg,malignant
data/malignant/34991_479738992_png.rf.81fd66f13db008a968326371dd101217.jpg,malignant
data/malignant/32668_1646575508_png.rf.d6bfe30419525258924f29df764c7dd0.jpg,malignant
data/malignant/26700_400752214_png.rf.0173d9098cf1f958ceb4d8e346042c09.jpg,malignant
data/malignant/1703_40744983_png.rf.360a2ade6031f080a86ff29b74fc67f1.jpg,malignant
data/malignant/3346_1063196710_png.rf.39b8579ee0c664d3f4d4a55162ec66f0.jpg,malignant
data/malignant/60617_2047450417_png.rf.8018505523c28ff29da3b824bed87712.jpg,malignant
data/malignant/25323_396189007_png.rf.d40d6d4f7d20ee943029cb5163a30a83.jpg,malignant
data/malignant/65492_1306638994_png.rf.16cd11db14cf271fc5c44c4f0cdbf49c.jpg,malignant
data/malignant/6107_2145202604_png.rf.a3ead74d5c74a6c7d4133a1ab7c205e1.jpg,malignant
data/malignant/59806_705873233_png.rf.e0bf743d368e68e593f0e3c542a3dad6.jpg,malignant
data/malignant/12258_1429876928_png.rf.a22b1167892d6f3bcff7d23b04cb33cb.jpg,malignant
data/malignant/39355_685765674_png.rf.13eafddea1e87e4d5b5ec108ac852e85.jpg,malignant
data/malignant/53946_1239100800_png.rf.da5c5828c292faba2f4f871de7f0a778.jpg,malignant
data/malignant/39747_934952606_png.rf.4205ec21fc1d15523c851c58a151ec7b.jpg,malignant
data/malignant/3568_109188998_png.rf.ad6d4836c7bb5892ff86198d80f90578.jpg,malignant
data/malignant/54463_1345167254_png.rf.1f3f7d644d578d2ae889853b611b0e08.jpg,malignant
data/malignant/60629_697950433_png.rf.4814b697d74de3ed078f2ac2d8c1a995.jpg,malignant
data/malignant/50600_772542553_png.rf.b829a4be0e74bbe54f2cde6ae48dcab9.jpg,malignant
data/malignant/44121_958689703_png.rf.a9bf2dd9b5865f18080c22880b816020.jpg,malignant
data/malignant/7493_285756005_png.rf.bdbada91acebcdfba9d171c8f78bf46a.jpg,malignant
data/malignant/12485_1446339465_png.rf.a0f2c673ff616a9a011d0b125ca76a43.jpg,malignant
data/malignant/28996_2064191295_png.rf.fc8865022dd41ac67d5e2340d705bfd5.jpg,malignant
data/malignant/60519_1303753411_png.rf.4b42f8f707c9b520db6a8d6b8d54250b.jpg,malignant
data/malignant/55842_115057946_png.rf.2a861ed4a97ec8ac02b212ac6cff9165.jpg,malignant
data/malignant/16955_846765464_png.rf.afc4ef95b9389e345adde2a0f56227e4.jpg,malignant
data/malignant/55879_1472857392_png.rf.39c3cfb6499d61ccc64f667520be98b0.jpg,malignant
data/malignant/58652_701160320_png.rf.0556ecbcea9162beb1d36775c8bfb019.jpg,malignant
data/malignant/16518_1464760605_png.rf.335c3aa974d83b3b32f020b1e734942d.jpg,malignant
data/malignant/65244_119855018_png.rf.18a519ef5b1366cf067cb4843045c62b.jpg,malignant
data/malignant/9559_1047452753_png.rf.0fa847309c4d05d521d4a0b963b39138.jpg,malignant
data/malignant/28747_285721109_png.rf.2b218b869f63a69f256a929f78d59fb3.jpg,malignant
data/malignant/44225_774155798_png.rf.f397d340c7b70fd4b2418b52d321c806.jpg,malignant
data/malignant/30363_1951373756_png.rf.f92ed9f0c89b31f2f0412ee045fd6101.jpg,malignant
data/malignant/11341_1096308702_png.rf.681f9e6721db441ad18692e94ce58f88.jpg,malignant
data/malignant/49954_728779079_png.rf.59a7b9136c95b656068bd76330c71980.jpg,malignant
data/malignant/2679_1440151392_png.rf.7169655ac051a841c268e38b6f34264b.jpg,malignant
data/malignant/7339_155241368_png.rf.a27efbdee496d70bc7f6a13a6465d6ab.jpg,malignant
data/malignant/55755_640788258_png.rf.2505f24d27e352a1b322dd3dd3b8a996.jpg,malignant
data/malignant/500_1942815129_png.rf.00fae1f19185fbe882bb7779cb5ade22.jpg,malignant
data/malignant/56813_1923655631_png.rf.25d0edcd97c0517150b987a0dfe1c247.jpg,malignant
data/malignant/12258_740439778_png.rf.9a8f8b52876b2b1383ac4e2f793dc20e.jpg,malignant
data/malignant/13267_1222788247_png.rf.4708555ec4b1e2e7b3301327b30b4ac4.jpg,malignant
data/malignant/39677_1140395794_png.rf.367d802024af2252d97dd665372b86d1.jpg,malignant
data/malignant/60519_1941196911_png.rf.7547c1ba57da8e7ef215ca5fee48c8dc.jpg,malignant
data/malignant/21880_880971379_png.rf.27636fad2682f5cef58fd013fd1cb406.jpg,malignant
data/malignant/61568_85804262_png.rf.1ab91a04f83c49bd57ef9cb7e9b3d0a8.jpg,malignant
data/malignant/64385_138963357_png.rf.83e7a6ecf8cfba631cc96826780b59b0.jpg,malignant
data/malignant/28344_1372132287_png.rf.9a03b9692e4f20df8ca0bb1a3c1c2e85.jpg,malignant
data/malignant/53255_1409657352_png.rf.a128198d925aa3808e2b0636b7a8af10.jpg,malignant
data/malignant/4083_546424063_png.rf.ad1a20dc89f8c07b61f9faea14957478.jpg,malignant
data/malignant/65077_94523874_png.rf.fc0fe3e366350c8296de6e3848d2e1af.jpg,malignant
data/malignant/13920_384023835_png.rf.9defc669f8ed10756e62c54839ae3673.jpg,malignant
data/malignant/20053_2086919423_png.rf.2e1d9e685b7bfc4053a59e08a3c95361.jpg,malignant
data/malignant/236_1593856707_png.rf.931bcf3cc87a323889e1933b15ad1f77.jpg,malignant
data/malignant/47129_1926732125_png.rf.48c55bea597b74e74de451811f941f9c.jpg,malignant
data/malignant/2179_2039865970_png.rf.e19f5b27a5fc96cb2d4652e433da3b38.jpg,malignant
data/malignant/34993_1484931767_png.rf.4653d29cfd207c82d75ea0e07394063d.jpg,malignant
data/malignant/44709_428249938_png.rf.eb8a99b226a56492875e05d01e7c6207.jpg,malignant
data/malignant/34823_1207483430_png.rf.248553e2b39b5cda6fd4cc0e53363662.jpg,malignant
data/malignant/3542_748623885_png.rf.ae342e8054558d1ff5373325ba7eca88.jpg,malignant
data/malignant/64449_1151546567_png.rf.cca7e80d3ba3f36335e3aebc9c2d426c.jpg,malignant
data/malignant/19159_1797943468_png.rf.27ca002466b2151526382e2790c734fb.jpg,malignant
data/malignant/49954_1797342487_png.rf.3867d7518d944bfb98d511b38ade11f5.jpg,malignant
data/malignant/40163_1828224723_png.rf.1f28d04f48cc47c0f5dd006a7d48d299.jpg,malignant
data/malignant/34991_1806825659_png.rf.e3a5ebb6eb1c35acfeb5408bafbfc98b.jpg,malignant
data/malignant/63056_1932489777_png.rf.d7fd78be1e2eb7fb6d5f663c4f588c54.jpg,malignant
data/malignant/37724_491348809_png.rf.7fbaa7562551a42cfaa3a4071189a90d.jpg,malignant
data/malignant/31581_1732965874_png.rf.e48e31367d1f28b86dcd224bfea077ba.jpg,malignant
data/malignant/58825_2106831343_png.rf.2417dfff0352ac7d078e00c6d2e78ffe.jpg,malignant
data/malignant/9345_1956200588_png.rf.914a249d7b2e5e8bcb5a9aa7fe0e09e2.jpg,malignant
data/malignant/21923_1055241270_png.rf.a6b0194a2e929e8061a3dae4231b77ec.jpg,malignant
data/malignant/45666_952276083_png.rf.52761707b89fcd829e4bd8d088be746a.jpg,malignant
data/malignant/57216_1498972223_png.rf.a7e734c11da9414aa4a80ded54312aaa.jpg,malignant
data/malignant/16955_1179164048_png.rf.f153eeccc91e2308278ba337adf31965.jpg,malignant
data/malignant/30094_386067946_png.rf.06f5821fccd5fa518b7e9a502f20a156.jpg,malignant
data/malignant/14292_287915367_png.rf.7da4feef5ddbc2f3f234ff9f596abfe5.jpg,malignant
data/malignant/53272_1874310597_png.rf.4ee196ea21677b917fcf702383494661.jpg,malignant
data/malignant/59347_664756059_png.rf.e78a66e0ccf3cae54de3e24520883034.jpg,malignant
data/malignant/44121_546226529_png.rf.8f19795efdd169deb8b5a14d36cf7a9d.jpg,malignant
data/malignant/12153_1203123196_png.rf.f3e5ca593b9f451b1d8a9697aa410dc1.jpg,malignant
data/malignant/51609_494727154_png.rf.142945850bcff11e6d042e204cc35ce3.jpg,malignant
data/malignant/31582_435931040_png.rf.20515b39357af9ecc8fb01dcfc180ebb.jpg,malignant
data/malignant/45137_903730178_png.rf.fd47cf6cb2c007b3162435d0bb55cb55.jpg,malignant
data/malignant/57525_2022531671_png.rf.63286494d3629f95eb06516fbaaa2f7a.jpg,malignant
data/malignant/7339_152254694_png.rf.2c0098496de9d5d7002b783158380968.jpg,malignant
data/malignant/31107_56487741_png.rf.cac2d69fe1febb928a6350d0f533590a.jpg,malignant
data/malignant/6853_373068997_png.rf.fab14d078dccc8a3d7a7bf805f7d6293.jpg,malignant
data/malignant/34391_1639391869_png.rf.5dc1f4be4d8147fae466320700672859.jpg,malignant
data/malignant/16703_1930741343_png.rf.7ce7d41cc67db1b2e1f83e86bb32d5f1.jpg,malignant
data/malignant/13920_1998384452_png.rf.5be56da99d2d42e1bcd178baf3ee2af5.jpg,malignant
data/malignant/55147_500450921_png.rf.bd4c2a07b8c06ae48eda7b13d06482b7.jpg,malignant
data/malignant/17222_568569032_png.rf.4527ba53478044e25806b1b2675b322d.jpg,malignant
data/malignant/12522_220808925_png.rf.677ec647882964c6ac101a943b1d3309.jpg,malignant
data/malignant/10432_1434858530_png.rf.e3271173e7745a38ea22e6b5cb6b173c.jpg,malignant
data/malignant/44676_1346493294_png.rf.0cb7c8466ff5f16c4480f59060ee0893.jpg,malignant
data/malignant/60410_825403089_png.rf.fd1863a1dac7ddd210c562d93ca2e28d.jpg,malignant
data/malignant/55301_625147236_png.rf.a3e5b955a85a87eca60e22aa1a763a1b.jpg,malignant
data/malignant/53636_238197258_png.rf.9f9688ecdfcfd1ae8052e589e2ba7b2e.jpg,malignant
data/malignant/4888_759765009_png.rf.79ef6f8299f7f633d0c8b942cf3d34e2.jpg,malignant
data/malignant/38727_1568613395_png.rf.8bceb642653f1ec684ea4bbd96019eb7.jpg,malignant
data/malignant/34992_464940209_png.rf.e802512007ca4f6aac7a778defc88714.jpg,malignant
data/malignant/42857_1402437921_png.rf.1e6dd6beef117448271a3bf874bc4a88.jpg,malignant
data/malignant/33971_513700051_png.rf.ded1d147a803f750a5f40b0f42ce59d0.jpg,malignant
data/malignant/7151_1736413644_png.rf.afd714c85d2a363d95cf4d661e50c7cc.jpg,malignant
data/malignant/65198_1695106728_png.rf.594e1909b45b8081a44cc3e0759a2374.jpg,malignant
data/malignant/51276_1416534699_png.rf.cc72ed341bdd36fd1da4f1e9a763e3e9.jpg,malignant
data/malignant/58825_1715970780_png.rf.8c35dd0a25491248e2b9f18b88c063d6.jpg,malignant
data/malignant/41359_1802579446_png.rf.91adf48f7016bde5da5c43f81a2bc494.jpg,malignant
data/malignant/22948_1296917290_png.rf.3584d27672f5b29f586873a094f74c85.jpg,malignant
data/malignant/45441_809904326_png.rf.3b88558cb664ade939325b82adfdb3a8.jpg,malignant
data/malignant/21880_1381741782_png.rf.8a3a17ffe4f68b72d47e5244c44b382a.jpg,malignant
data/malignant/64821_680464985_png.rf.9d5d4636c3341f7775b4abc335a23c0f.jpg,malignant
data/malignant/57754_186045163_png.rf.65f0a44176a156dffcf9140dd4c5c16f.jpg,malignant
data/malignant/16451_1072632701_png.rf.a442c509a45b6b0965e603dd1eae8222.jpg,malignant
data/malignant/25523_449544592_png.rf.809af9a0f7594075314e3945aab5edbf.jpg,malignant
data/malignant/39677_1900013346_png.rf.1fa3dc78ffadbdcafb7c3765b0959b33.jpg,malignant
data/malignant/25323_361875956_png.rf.84364d320d42bef71b249c3a8a001b90.jpg,malignant
data/malignant/31964_1352530320_png.rf.602924a9a1e05632379d30185a8b107c.jpg,malignant
data/malignant/10432_458553546_png.rf.fd4cc59b917cf6a114a57b7256e91d1d.jpg,malignant
data/malignant/48939_698067885_png.rf.aea492de391f89567672e2eb29de6c42.jpg,malignant
data/malignant/53776_1750842425_png.rf.09c7472b66b86377a42527b2b6f87d41.jpg,malignant
data/malignant/56139_1204086246_png.rf.ee8e505f78b3ded42fcd1e9fb8791fc4.jpg,malignant
data/malignant/19028_1662724073_png.rf.347591f9b5fce7063d4020a22fd00746.jpg,malignant
data/malignant/6107_562044384_png.rf.1a51d2e2297079edcb4bf0a6319b6768.jpg,malignant
data/malignant/63053_1922119353_png.rf.7511dd6b12b27aa7bd56abfa5a0e4c0a.jpg,malignant
data/malignant/6018_899067065_png.rf.c2df1e053617280f0e0965e406d3ac0b.jpg,malignant
data/malignant/1109_1326732476_png.rf.297cba34377bb07e3cc29bf8b07d86d7.jpg,malignant
data/malignant/42414_806687925_png.rf.543327c84f8df88bac76eae8a51a4a51.jpg,malignant
data/malignant/64534_453797042_png.rf.35d2b7e84dc2e952cdff141cc42a249f.jpg,malignant
data/malignant/12282_1127855363_png.rf.2361757161e3a502c9ca481a853f2e7b.jpg,malignant
data/malignant/30093_374115059_png.rf.a69dc59fbe5f77fde7bbe17387104ca0.jpg,malignant
data/malignant/20251_914071190_png.rf.5c9f96735256d78848a15e1d9eb58454.jpg,malignant
data/malignant/26048_1203336509_png.rf.00dd82df2197addc91757eda8b85a1fb.jpg,malignant
data/malignant/46274_850798798_png.rf.fc96f528d9bbb1b763c5d4e60378bcde.jpg,malignant
data/malignant/56491_2041964835_png.rf.b197423b563915d08c6aaa5251154495.jpg,malignant
data/malignant/61825_1335802158_png.rf.aa9a19ac804ad82c37312f0c32205ee9.jpg,malignant
data/malignant/25423_623014940_png.rf.2ab5d92a95ef2689eb17b3aee37fe214.jpg,malignant
data/malignant/39702_1888808064_png.rf.7a527ddd9e5a4e915c946b9a47ede811.jpg,malignant
data/malignant/60410_1597116280_png.rf.44f6b004aab1c0fadbfa12f1abf6e3de.jpg,malignant
data/malignant/15078_1719011144_png.rf.f54cfe1f6b3e271324856fd24117683c.jpg,malignant
data/malignant/25187_1207987797_png.rf.4d9e009888351178cb8b9545b3df3961.jpg,malignant
data/malignant/57754_168975717_png.rf.35ec69ae6da69c231dc9ea10d4f81011.jpg,malignant
data/malignant/24947_1231101161_png.rf.8f9250db028e2e2fedd7f0ad06aeb97c.jpg,malignant
data/malignant/24947_1564214908_png.rf.a5f6419be0b19fcc7de7c047b368127f.jpg,malignant
data/malignant/16694_2118457620_png.rf.c2f7bd5d7a57d4cafa0f2cb99b5a9457.jpg,malignant
data/malignant/34823_1928170517_png.rf.7d83da0ba7fa3deabce73cde94b17565.jpg,malignant
data/malignant/44836_677343035_png.rf.21f5bcc6d72dfcfe99c577bafee5d0cb.jpg,malignant
data/malignant/36034_810135280_png.rf.fae112d1e905d5644290d3ee67a8424f.jpg,malignant
data/malignant/16639_1663628589_png.rf.4801cc3cb5f54cdf8f010b51784997ec.jpg,malignant
data/malignant/53659_1125098485_png.rf.dba6d79578b3a950e80033f56a750f1d.jpg,malignant
data/malignant/46014_2030881308_png.rf.9b46be956b30cbaf42693ee76e8ca79b.jpg,malignant
data/malignant/8403_1510269247_png.rf.b1357038e1c6ec7f5d760541aded6f82.jpg,malignant
data/malignant/31750_1089314305_png.rf.3617a15de95fa176d3859dbcbc80560f.jpg,malignant
data/malignant/57229_783906176_png.rf.2f452255f71f897ab2fffa0f2c1b2724.jpg,malignant
data/malignant/37836_1312846125_png.rf.b2921b1c16166cf4adf240359c129f58.jpg,malignant
data/malignant/45848_1339754035_png.rf.6d2ee5d55520a1adb4f548656af35b9d.jpg,malignant
data/malignant/13845_198053228_png.rf.615be87ceb9deaca2b475f0cb78afc97.jpg,malignant
data/malignant/3670_819790188_png.rf.d7041cef8620d56ad57f08f7fd239277.jpg,malignant
data/malignant/3713_1056851936_png.rf.34f79f08ff5cbd03a520375eb12af04d.jpg,malignant
data/malignant/6654_1696728511_png.rf.86f44c52946f9c6bddaa224855875fe6.jpg,malignant
data/malignant/42414_99980764_png.rf.51bfd79b36806d0efcd1ef2161e9218d.jpg,malignant
data/malignant/28936_1362919630_png.rf.d74e6452701e5353144fb62083d8a1ba.jpg,malignant
data/malignant/14706_180902452_png.rf.4ae66a7b306154f1316e5f55fe44c571.jpg,malignant
data/malignant/65427_109324028_png.rf.0f9ac16110436d8cfcf883ffa0f15370.jpg,malignant
data/malignant/50740_1656688953_png.rf.e10e2fa19c6fe58c5cf357077771e2db.jpg,malignant
data/malignant/45666_1447050904_png.rf.7b33e9c0d59c858f0bacf98dca345f1e.jpg,malignant
data/malignant/61490_1740071540_png.rf.bfa9c9c2973244a39c9a1e2fe942ca1c.jpg,malignant
data/malignant/39702_399564828_png.rf.ad245a7f561fc9aa806716e979cf9970.jpg,malignant
data/malignant/48230_688227459_png.rf.1727e28d7899a1931cee031930cc1b47.jpg,malignant
data/malignant/58564_249281436_png.rf.fb831139b0d5358eeaf6f3d3abbaec39.jpg,malignant
data/malignant/58195_480438532_png.rf.5d5e326073170e66ed7216398e886c53.jpg,malignant
data/malignant/16451_1600425758_png.rf.dc3a2053a43f500262a5fbd01feef052.jpg,malignant
data/malignant/53360_2075727945_png.rf.ca7c891dcb3e4d02f16f36b8c6851a9e.jpg,malignant
data/malignant/8675_1748372351_png.rf.f33244f336e6f9b18abcc01250910502.jpg,malignant
data/malignant/48437_1163631200_png.rf.376f6a9e1a4a5f52d635522c55932b9c.jpg,malignant
data/malignant/10130_613462606_png.rf.eafac46ef469dfac664651c3789d2664.jpg,malignant
data/malignant/16703_612451325_png.rf.9a720b6afc55cf2871b433be154a43e4.jpg,malignant
data/malignant/65224_1876649852_png.rf.b61660c2f49bc148bebe436448929008.jpg,malignant
data/malignant/64534_1551728826_png.rf.fc5a7355c9eccb8dce86ce7230be0776.jpg,malignant
data/malignant/15696_2088632300_png.rf.16d4ff6116f1d254bcf084ce31df1099.jpg,malignant
data/malignant/10130_388811999_png.rf.bb9dddf4812127f1e8f0a2943395ddd1.jpg,malignant
data/malignant/43004_1829769663_png.rf.13d07f1d1f7b467c8b5c0d7720dc583d.jpg,malignant
data/malignant/9559_203061242_png.rf.351a92c63a1254ba5ee2eb31dbe79ccd.jpg,malignant
data/malignant/6107_1280344998_png.rf.f317fe30e019fbb6a6b26dec2f975be0.jpg,malignant
data/malignant/33594_525083202_png.rf.785b97c2132f1ce663c45d312f2d9072.jpg,malignant
data/malignant/5820_317530806_png.rf.0a1cd8443b49ac1014b5c53dda0320ba.jpg,malignant
data/malignant/36748_207616196_png.rf.ad654770c03db5886d9c9e471c7bbd57.jpg,malignant
data/malignant/37931_1597761099_png.rf.d748fbda07c33e5a8dc8a896e1b415dc.jpg,malignant
data/malignant/47794_515330003_png.rf.e41660d2bacc780031fca86e49fc93ed.jpg,malignant
data/malignant/58564_1081841028_png.rf.bef3cd4ffe15275ce6ee9dd3d77b05fb.jpg,malignant
data/malignant/32743_857882013_png.rf.a10ad93b68aa10aa79c79213110e6415.jpg,malignant
data/malignant/13101_739781139_png.rf.0ee88abb01eed1cfdfc820aafbecd7a3.jpg,malignant
data/benign/613_1499906572_png.rf.cc328b156a8aac3a847076442e8e40ac.jpg,benign
data/benign/3124_2076064904_png.rf.d520532d0d68443571ca967f940604a3.jpg,benign
data/benign/289_1944703225_png.rf.8cb3d37747e5f51b1c3a2a9d36aa16b8.jpg,benign
data/benign/2111_1312754333_png.rf.0dcf9ebd6cc916052f0d1cdf2c1a5070.jpg,benign
data/benign/1852_1350250333_png.rf.1e9e09162e7178ab3b82144b6f3202d6.jpg,benign
data/benign/858_574626060_png.rf.bd9b4827d607648343bd60ed67b4fbb0.jpg,benign
data/benign/1934_1598020518_png.rf.ae3817d73e3fcb99815f4cc7c9836ddc.jpg,benign
data/benign/2178_1925546154_png.rf.d272485f2c055e4cc24dd4acd7d0ebb7.jpg,benign
data/benign/1769_1976934628_png.rf.16276d6fcbbc2d62c9dd9a00685f02b8.jpg,benign
data/benign/1977_797388117_png.rf.e59b61f2219c09d6d191aa8168a8c907.jpg,benign
data/benign/741_1589701215_png.rf.14303cc6ef608e6fd6f95a8a52a4c060.jpg,benign
data/benign/2776_2098420761_png.rf.16ba6215dd82f615a13d2673c8164663.jpg,benign
data/benign/3267_1742285461_png.rf.ca4c3ad89ce5262b1fdc4eded04cf18c.jpg,benign
data/benign/875_1944887479_png.rf.70faa27b4550a7555b18a2c170fd29ee.jpg,benign
data/benign/2229_968011786_png.rf.aed78f78cff46f6638a86a404979fa19.jpg,benign
data/benign/2111_809943690_png.rf.96bf1612d0ffb2ef89526669a096a44c.jpg,benign
data/benign/735_770979902_png.rf.c5a830c307458b69d994a1edd64a3efb.jpg,benign
data/benign/1766_1243549312_png.rf.4b74634cc58c278667e93cd08f2cc019.jpg,benign
data/benign/1719_138770970_png.rf.69118d1b4c7a09885aace31dd22844b5.jpg,benign
data/benign/3327_1542259754_png.rf.2fcdec9ddf5e7c08d8108ca97efcaa35.jpg,benign
data/benign/696_158576960_png.rf.fc8522a35db0189c9dc083797757c6d0.jpg,benign
data/benign/1975_1688465458_png.rf.c3043cfe0791f9aef70c809d8ff26fb1.jpg,benign
data/benign/2288_1007669362_png.rf.421ddc373edf957f2460bef434c9b98d.jpg,benign
data/benign/2152_132376019_png.rf.066e9d449aca3aa60420329d6019bfdc.jpg,benign
data/benign/2552_1536859701_png.rf.91add35f48217fc9f268d59c65e19850.jpg,benign
data/benign/3089_62427144_png.rf.5bf4022b39c5dca5ad6c487b0f9599cf.jpg,benign
data/benign/2179_876905912_png.rf.2abe0a9e8853e5c2aa441274b7c91b27.jpg,benign
data/benign/2178_1504787289_png.rf.cf0882cacc4a7fe0dcb4eab950fe0f20.jpg,benign
data/benign/2796_2132405402_png.rf.5d83c54eef6ea96e475a90862771c852.jpg,benign
data/benign/3089_2089358085_png.rf.2fac5cddde8bf67c927b6a5d91fa4920.jpg,benign
data/benign/2619_1590467972_png.rf.c731ac6edd6f471806588d2077e41a45.jpg,benign
data/benign/2810_1855714017_png.rf.8f5402c8f5fd9e7f9c963cacd1a65503.jpg,benign
data/benign/2796_1331598879_png.rf.d12a28301f9fba4ab3f37116135c5580.jpg,benign
data/benign/115_2071926579_png.rf.06eb0b511d88e77df10e2f493e5c7f9b.jpg,benign
data/benign/850_25122738_png.rf.860d3528fa9fe3b91a39b8f217cba65e.jpg,benign
data/benign/289_1562964490_png.rf.7d0a33674ec0523474fd99e48022d52d.jpg,benign
data/benign/3315_178951917_png.rf.57012341aec7fa1af1d97e14a68d4f9d.jpg,benign
data/benign/3151_1012636210_png.rf.7f0cf0dc9f2f4511a86d34a241c84507.jpg,benign
data/benign/33_995020214_png.rf.4612f989168551a8c7c4145bf28bde1f.jpg,benign
data/benign/757_1426836970_png.rf.d60f3a1c90b2598dee210ede3c82c8cb.jpg,benign
data/benign/1880_66057800_png.rf.e5015c780a8fe96755b849822bf7c0b7.jpg,benign
data/benign/2266_1833538271_png.rf.be7d37aa03f51180b3688fe4c9fef2d5.jpg,benign
data/benign/3212_1112226746_png.rf.2b7d54782609730a4a886d1a2ee8efac.jpg,benign
data/benign/3015_1966293227_png.rf.f08cd95c67cc46693ee3ee7eba8575b9.jpg,benign
data/benign/374_1601151729_png.rf.1b2ef0e00949745332d1ea90be030c72.jpg,benign
data/benign/282_1182685006_png.rf.b22d7f58da5f030e8b96cbbcf379dd3f.jpg,benign
data/benign/768_166431809_png.rf.36b3708e6717041fe3f7ffb56940ba19.jpg,benign
data/benign/3151_1631780232_png.rf.d71f9a17a34b62cb02210a30df7a5e81.jpg,benign
data/benign/646_1823227591_png.rf.f6bbae5161adbd5331e64e79219f4fc3.jpg,benign
data/benign/292_299589511_png.rf.bccfa55165e0d36a60a1c055d21d4e64.jpg,benign
data/benign/2996_1580648577_png.rf.5af602f7381c04bf671345249106dd1b.jpg,benign
data/benign/804_178764132_png.rf.2885d75b769d4b658ecc6a48374fe8cc.jpg,benign
data/benign/1990_2044009863_png.rf.5cff1a550e9a8e2e2d972f435726cdc2.jpg,benign
data/benign/2599_1977398854_png.rf.b0413283cc4ccd314cacc7efd0dc89a0.jpg,benign
data/benign/866_1699520431_png.rf.58a6da9e2cca1a8d09bbd6aa79d28fed.jpg,benign
data/benign/1596_528611413_png.rf.ad68b54c3f005dc07aa400a369d0434d.jpg,benign
data/benign/236_435616956_png.rf.26c6c9bab709f9e646dd04eca044c621.jpg,benign
data/benign/1766_272892999_png.rf.4ce6c333bae2cf12ef731d1752e951c3.jpg,benign
data/benign/3227_637352013_png.rf.f5268d17b19c41ea2cd1d6ea8d960ead.jpg,benign
data/benign/209_8038644_png.rf.32abb1f78ff6128613b328ac196b2954.jpg,benign
data/benign/825_403847728_png.rf.ecc90364ace46b3483c9cb9cecafc2a8.jpg,benign
data/benign/826_2056634184_png.rf.f881764e4e61772cacbee29312929fa7.jpg,benign
data/benign/2989_271741269_png.rf.3f00b14b6a11b66b7e2944d5f2746782.jpg,benign
data/benign/2282_457911535_png.rf.e7cd833079318e35e85074910a1b819c.jpg,benign
data/benign/2606_1243766254_png.rf.0f9c1658f283e0f06c551f3156ddcce3.jpg,benign
data/benign/794_723248157_png.rf.ef19757bca8e7a94b5492053188c2907.jpg,benign
data/benign/2857_1260722849_png.rf.2bc5b7e1b7762dd71c80b40806a8885e.jpg,benign
data/benign/2657_775216627_png.rf.90537d3b084ba2c32256bf46f36aadec.jpg,benign
data/benign/2020_215840770_png.rf.e8a81ded71dbc3171966a340418acf9e.jpg,benign
data/benign/936_83335632_png.rf.e1842c13e142646129f9d55d9288dc70.jpg,benign
data/benign/278_1785891438_png.rf.d700bb85f360dca431962bb25ff20ad6.jpg,benign
data/benign/3312_2123838450_png.rf.85d3efbe501f2793bc4087b90201feda.jpg,benign
data/benign/2009_1154993516_png.rf.3ac01fd4b8a8c143d2557653634ce343.jpg,benign
data/benign/851_2119019066_png.rf.73109993ac5f55439318510f27ecc181.jpg,benign
data/benign/1776_656813169_png.rf.1236acc8b93b03b5baeccc7f82e30512.jpg,benign
data/benign/2810_598157306_png.rf.0a131c649c83c3213a3435ab76aa0d9d.jpg,benign
data/benign/2810_1953246790_png.rf.a85be8822684439bfaa426f0aec9d283.jpg,benign
data/benign/1866_1828141547_png.rf.dbac9196c1891ea9d85b46dad0c5f15c.jpg,benign
data/benign/2482_1890232525_png.rf.ccd934e49cb31de1decae34a011efb4d.jpg,benign
data/benign/3015_1468516911_png.rf.82e95f45bfabbc1903fff0ef9e20550b.jpg,benign
data/benign/1676_712204465_png.rf.a1ce2d229ae3ddb39b81e5670f79e85d.jpg,benign
data/benign/106_1495797827_png.rf.8520bfa2b74f14590ec04cf0346fb8f6.jpg,benign
data/benign/1674_1278240734_png.rf.d9c84c2b543952815707a2e3fd0c038b.jpg,benign
data/benign/3259_459203480_png.rf.90218bf65be68d3bfe3f7a1281568627.jpg,benign
data/benign/2824_1263235612_png.rf.5e04dcd94629227eaf6ac75820b4f73b.jpg,benign
data/benign/1740_746183448_png.rf.fa2363830cc1a517fd01ef5182d560ad.jpg,benign
data/benign/913_1622475837_png.rf.07f12e56e4eead61e911a8a8837bfb0c.jpg,benign
data/benign/2147_301869230_png.rf.45bf94370d508d11e58aa8ea8d169874.jpg,benign
data/benign/827_1245477821_png.rf.1bf15682384d2c31ab0ef4d7090d1ccf.jpg,benign
data/benign/2480_1292210706_png.rf.a9b143b061c25b1beaa7450699226837.jpg,benign
data/benign/936_2006445536_png.rf.1a92471e246c6821d1fefd29118afe81.jpg,benign
data/benign/314_1814275534_png.rf.13d7836ce88b72b4337385db5c9a8280.jpg,benign
data/benign/1834_1588494881_png.rf.9ddc0b08168c5e046da46075d49c3ba1.jpg,benign
data/benign/2738_1154819623_png.rf.64ac2a87380883bd09b068cc312a198f.jpg,benign
data/benign/1939_841837846_png.rf.731548fe8111121eb16b4b40ae19b3d4.jpg,benign
data/benign/281_1357155645_png.rf.036af8b2c3d044d180bd5a0e0ebc6dd7.jpg,benign
data/benign/3118_1333444366_png.rf.059d0ec0702ad9b00c65a8260f5d72c9.jpg,benign
data/benign/1939_1244895701_png.rf.2ea0ff65f6bdb86833e333be1759cbe1.jpg,benign
data/benign/2488_1097536144_png.rf.748891453c7d3eaf05175dea2d4c0015.jpg,benign
data/benign/2760_888477540_png.rf.be9cf3f7b8e2d4404d82094046e63cea.jpg,benign
data/benign/2494_1430841861_png.rf.5416cc63b561d85e81882572f2dace52.jpg,benign
data/benign/2149_1282639769_png.rf.75eeadee0c0cef436273e10a5293b77c.jpg,benign
data/benign/3305_1500100372_png.rf.093f78351dc93629e6b695294eeb2191.jpg,benign
data/benign/1990_1914355966_png.rf.e1a821c5d9d12ce48b7fc7e7bebd950e.jpg,benign
data/benign/665_1714047622_png.rf.c97364b2b5233206d0dba124b1a4795a.jpg,benign
data/benign/763_1263517435_png.rf.c88f22c4e58bf0b0f1dffdbd8cf1b9b3.jpg,benign
data/benign/1740_1189243598_png.rf.d329d2cdbae989d5bbb3c9b0197db089.jpg,benign
data/benign/2728_866533809_png.rf.0fe72fcfbf1f0e2cbb182186d2387590.jpg,benign
data/benign/36_200779059_png.rf.3bc2f5bf2ef78d6f98d6ad7b0993bedd.jpg,benign
data/benign/508_1041427602_png.rf.7f6196182522ba9f26a06588220a7394.jpg,benign
data/benign/452_2007222541_png.rf.4d4d1eea6325c1e85b800007b38687f1.jpg,benign
data/benign/1625_1099170190_png.rf.ee73e8559a455694df559824638ebcc2.jpg,benign
data/benign/625_1097006067_png.rf.74100fa7cf2bf518b73b7530fbfc409f.jpg,benign
data/benign/2708_1284465269_png.rf.9f54f0fb53ebca255b0bd8be25f49e41.jpg,benign
data/benign/529_927807408_png.rf.3a6cab4bfbf58a09201748e745975e14.jpg,benign
data/benign/1786_328824226_png.rf.645f4ba657fb74972fae233cbe81fbe8.jpg,benign
data/benign/126_1280524447_png.rf.204e5d72881c06777a635e29413a5893.jpg,benign
data/benign/3029_344966547_png.rf.38d736f52022a08eed35a858de5eec69.jpg,benign
data/benign/362_1656610750_png.rf.37703e207217c2ef181d5c48cb69621f.jpg,benign
data/benign/2943_1642770745_png.rf.5f3b10eeaf4180ec62460f503612fc7a.jpg,benign
data/benign/729_191513889_png.rf.ba6da4fd33dfc9ac69ba26cc3e468f98.jpg,benign
data/benign/2810_1775227547_png.rf.d63d2879fc5aa26260eb960f904bda97.jpg,benign
data/benign/3215_464294118_png.rf.7021aeca32c7b4fc4e565b78551fdac0.jpg,benign
data/benign/505_977323070_png.rf.e3032fe6234ee3a08821a32d7d3d8d0c.jpg,benign
data/benign/2457_298141149_png.rf.aa1bc68db67d0d90c3e306389fa5cd3e.jpg,benign
data/benign/962_439604173_png.rf.d7a21754ba6b45fd1259d43b12868c9d.jpg,benign
data/benign/1960_1766660746_png.rf.09233d39833963b084f84ec5fc4f108b.jpg,benign
data/benign/243_712682632_png.rf.f7d5d96ff5252b66628939740cfd6953.jpg,benign
data/benign/1960_375996420_png.rf.d76a0a1198437201416334c4f046c05f.jpg,benign
data/benign/3118_1494625100_png.rf.dc1ef7ae0ca1c612a2912e20248be529.jpg,benign
data/benign/1787_1433042535_png.rf.987c9c779b50eb09efe41916d9347b95.jpg,benign
data/benign/2111_814796307_png.rf.5cc622321101cf6aa9ca9f26d8cd2833.jpg,benign
data/benign/2303_1347632164_png.rf.c59f5ad96045169260d685e34332687a.jpg,benign
data/benign/278_919096732_png.rf.66f1a8dedd8890831e83b2960e6176fc.jpg,benign
data/benign/3312_1337073335_png.rf.586a42626f3efaf3b3d7e4ad05b4db26.jpg,benign
data/benign/806_314735371_png.rf.b3d385c1bc53a0dbf8e4ecaf181d2c5a.jpg,benign
data/benign/2106_1576344257_png.rf.3de8a1d44799ca3e6febbd2906c2fa97.jpg,benign
data/benign/2810_1181948538_png.rf.9bf890b18728814a22c5affcad1b6117.jpg,benign
data/benign/3246_611815049_png.rf.a6aa6c03c95b67bcbd12ffa02e66a7bc.jpg,benign
data/benign/260_400539057_png.rf.1cde5b6e2c0a0f3e9b48c36c2df4020e.jpg,benign
data/benign/901_557687219_png.rf.a34e6a1794595da83f52da0897369ae1.jpg,benign
data/benign/808_1000697524_png.rf.20fee1eb7f2228e0901c16594f57d855.jpg,benign
data/benign/866_1033311478_png.rf.ff97b307c7b296343424c8e5aa172c27.jpg,benign
data/benign/278_471859889_png.rf.89b85ab861ae04ed241f78a2afc6c3c2.jpg,benign
data/benign/713_1236691910_png.rf.88ea933b652e19c6f1065b43e5fa7d21.jpg,benign
data/benign/3246_151737126_png.rf.5f41b5ee954c8a5aef637cf1dcbe75dd.jpg,benign
data/benign/2281_115146648_png.rf.e1065c1dd36aa9403b2e4ef572140e93.jpg,benign
data/benign/2685_517183711_png.rf.3946d45821c6c90acc703df3d002bf4f.jpg,benign
data/benign/665_964941054_png.rf.88c0293fe3113783bb398f02142da727.jpg,benign
data/benign/3267_1462201582_png.rf.8ba171fd58a93500b0026d176f7f6ac6.jpg,benign
data/benign/3277_464807827_png.rf.1a04a7e9fa04de60244f1f36714d7e1f.jpg,benign
data/benign/526_1990021306_png.rf.73f05812058110ba348d189afebd36c9.jpg,benign
data/benign/1776_82158900_png.rf.e0500b47a989ed523cdd33e71f56595d.jpg,benign
data/benign/2488_1560749953_png.rf.c48aa79efb99397d70d5e6963d24fe11.jpg,benign
data/benign/2728_605617593_png.rf.d6a4e0fc91c470ffc961ca0bfebb74f9.jpg,benign
data/benign/1794_1934811550_png.rf.b7b71272029568dac990553a5eb4acd7.jpg,benign
data/benign/477_2048450930_png.rf.f7c0f093fef9bce06f1a28e61ef0765e.jpg,benign
data/benign/555_1881298767_png.rf.4db0425a0cb09cef3744b3c2e9349999.jpg,benign
data/benign/2128_1558471205_png.rf.5c339879a9c2e7c2a4bdb136dd5c62bf.jpg,benign
data/benign/2864_440013779_png.rf.6a2182a47dab1d9c9961637f379d2f8b.jpg,benign
data/benign/929_1465673769_png.rf.f2d432b33f5714ad71292959c45fb2a9.jpg,benign
data/benign/3124_2081544008_png.rf.3e19a08b0bab7f756112ae92dcf7c8a5.jpg,benign
data/benign/1880_182911488_png.rf.1096109409e66b124abd3a76b9233828.jpg,benign
data/benign/997_873425464_png.rf.7685bd2c0d3dd3b01d5ad8ad9775890f.jpg,benign
data/benign/299_1306778499_png.rf.c0a70c396c26e3ac3c7b0253bd42e1b2.jpg,benign
data/benign/2856_666142919_png.rf.d24243e5c9bde10616ed49cfb32254da.jpg,benign
data/benign/858_2113277887_png.rf.da75a40e99c0166fb5721a256cdb198c.jpg,benign
data/benign/2760_18877836_png.rf.ae38f1877b8f302167e8c3f4143a8b48.jpg,benign
data/benign/1724_298193239_png.rf.8de2358b93f10310c018ac39a2bf0f3f.jpg,benign
data/benign/2188_1951049382_png.rf.16dbb5ed096cad761601a6aa99b9811f.jpg,benign
data/benign/2592_1697309785_png.rf.50de3715da9efd8f2e1660f6703fae16.jpg,benign
data/benign/3110_553642805_png.rf.0c4b33ddac5b1f42f56cf080657525f7.jpg,benign
data/benign/1794_1687362173_png.rf.1694d652f6d18c1e970ca1f6979aa359.jpg,benign
data/benign/508_2126954428_png.rf.06d12fda55dbf0ca221aec670bd48eb1.jpg,benign
data/benign/2552_675625291_png.rf.d59ea767b479352f04eedfdbef95b241.jpg,benign
data/benign/2718_1500501689_png.rf.cdb96d6635d9e5febbe676fde18a9fbe.jpg,benign
data/benign/2964_1193133563_png.rf.0c959c3839d252c560c5ec7c5c99a5d6.jpg,benign
data/benign/1990_1196314889_png.rf.cd4cf7416f4105e478b01d705c9c350d.jpg,benign
data/benign/3251_398740314_png.rf.a05803531db03b5b3d3fddffde825eeb.jpg,benign
data/benign/1960_858684902_png.rf.0c6120578e5e8f6582da832f95220d85.jpg,benign
data/benign/1937_1238740666_png.rf.d33d5ef25ae1987c87b057693520b66c.jpg,benign
data/benign/434_1767686550_png.rf.ba14d09b778e4f4a1e9e0b37b133c472.jpg,benign
data/benign/1767_1958585399_png.rf.e0a5772113f7ab8737ec76ed25a95766.jpg,benign
data/benign/1843_1247328841_png.rf.fafe609de93beb98712a657b970af531.jpg,benign
data/benign/2408_358147837_png.rf.ef4660d0f90145b873dd14bfc5e97b7b.jpg,benign
data/benign/3313_2124088248_png.rf.d264d8c07872ecf06e80b15341742700.jpg,benign
data/benign/2003_1270635927_png.rf.1185e4362b3f104aa3eeb1a2d75910d9.jpg,benign
data/benign/857_1223599388_png.rf.ea92593dd17c26ced6d2d7c9e91696a6.jpg,benign
data/benign/1660_1096924384_png.rf.ce03487a921a7bab287d539eada484a0.jpg,benign
data/benign/2907_104140326_png.rf.a2eaf7d0896e7cbe34b512128c665283.jpg,benign
data/benign/3041_209431591_png.rf.6f343b9e521746cb252553d43cad50ef.jpg,benign
data/benign/334_914225455_png.rf.a3ea1c9d77f83364fda36734c7788550.jpg,benign
data/benign/2600_714481965_png.rf.eeff12165d8cf1cedb91375a700b3904.jpg,benign
data/benign/412_1487258419_png.rf.ec6db6fb1f6694cde0dafd652c9b8c66.jpg,benign
data/benign/1710_1155316112_png.rf.3fbc2df2c08354f6d3a8dfccb04aad88.jpg,benign
data/benign/2679_1053891186_png.rf.38b279e0d4f6309f35d03cd23fed1d27.jpg,benign
data/benign/1758_1317720893_png.rf.721154b621313e9589db19e0efc885ab.jpg,benign
data/benign/2066_1752069509_png.rf.0923b3fad8e9db09bfa1acf845a0eafd.jpg,benign
data/benign/2625_1121126860_png.rf.9944e63859dd1dfeac4c9ca839aead76.jpg,benign
data/benign/2509_1208943812_png.rf.231d9deba860c655c93c363181600eef.jpg,benign
data/benign/1970_898425570_png.rf.0fb68021ee06e04bf7aba22b572625af.jpg,benign
data/benign/2215_827767314_png.rf.67c22f01ca321a9d7d81e866de32c983.jpg,benign
data/benign/1897_1880234293_png.rf.3679905dd4f58cd33766f67bd83d7f89.jpg,benign
data/benign/2856_523667445_png.rf.f17004401231a0d5770bf8eabbab6c5e.jpg,benign
data/benign/1659_380243286_png.rf.a549c9bf03124b4f35c1ae9965cb0140.jpg,benign
data/benign/390_219172302_png.rf.925e6504d7e5e2dbcf08827a55689d38.jpg,benign
data/benign/2926_1127789563_png.rf.a574389a851677999f72306c54f8e78f.jpg,benign
data/benign/2111_1483461368_png.rf.06a6810b8ee249cd2a176d28155a94d5.jpg,benign
data/benign/2086_822968630_png.rf.ea2da16b5443a06c0583cc757df60981.jpg,benign
data/benign/3324_1047267015_png.rf.a8f00a8801c22e05c39fc47fd7334bf0.jpg,benign
data/benign/2111_1915845703_png.rf.340a83aea5b89e659074f60c8febed61.jpg,benign
data/benign/1588_1220923396_png.rf.51c612b20a4d035fa266e328764216db.jpg,benign
data/benign/2509_333249722_png.rf.1d9247bb370d95115b6317b5f32fd119.jpg,benign
data/benign/3219_1897502903_png.rf.461be5052025f8ee6c3363182c63faaa.jpg,benign
data/benign/696_1550831937_png.rf.62acd63ee68e22ede7f7faa41eda5d5f.jpg,benign
data/benign/2619_766241633_png.rf.f4ed27e4dd4ea77415846e97f675f79f.jpg,benign
data/benign/204_963144114_png.rf.05d092f02a20162ddace1ceafd14c961.jpg,benign
data/benign/953_1413941162_png.rf.debfe47efafcf24e202e2ccae99ca1de.jpg,benign
data/benign/608_735720305_png.rf.cbcd520087402302ccb1592618455443.jpg,benign
data/benign/879_1350541708_png.rf.298c7ae7dcf27a3e8de2f3234e9c9472.jpg,benign
data/benign/1788_845757559_png.rf.f47db1ffe727eb9b789732e13c8bb84b.jpg,benign
data/benign/127_508077934_png.rf.7efc4bd8306907fb227b51b1b393e402.jpg,benign
data/benign/1599_2049169913_png.rf.9dbbd11c5ab74b74b73c736fae5fb5ea.jpg,benign
data/benign/308_1483505059_png.rf.434ab10d21a8a8a409cf7d572201fc7f.jpg,benign
data/benign/529_547351542_png.rf.841d01f35c5367cb079c3e6b179b45ea.jpg,benign
data/benign/2637_1704598560_png.rf.d152c2421424e0d86017ee1205983ee9.jpg,benign
data/benign/3255_488726905_png.rf.e85fed820529f0e663a76075de427397.jpg,benign
data/benign/794_358144547_png.rf.36816467bd42ee80721f947676d9f3bb.jpg,benign
data/benign/2066_1801622610_png.rf.98b155d02d97f1ec5883f75b4303a24c.jpg,benign
data/benign/1807_1862241602_png.rf.28f75c15642d1bb15d18cfd54f1470df.jpg,benign
data/benign/2086_262866207_png.rf.cdc67c837339762aaa1675b2304651bb.jpg,benign
data/benign/2200_1431366764_png.rf.85676a3be00917635f1ecc527207bb9e.jpg,benign
data/benign/1917_1828338819_png.rf.e669b6e3ceced51029f812d8d2189fb3.jpg,benign
data/benign/2188_497041821_png.rf.d76d2db9d7339d331e825f8cebbf29fb.jpg,benign
data/benign/2804_1321812072_png.rf.f3346b85cc279a8d959125cb3c959010.jpg,benign
data/benign/2009_273696392_png.rf.1a12f375e8fb3be02db07c9b30e168c2.jpg,benign
data/benign/1726_868243256_png.rf.b4bb261622ce0ec43f1a709810423352.jpg,benign
data/benign/364_1500913635_png.rf.290ed53e9649385210fdbdd0e92b4b5d.jpg,benign
data/benign/2063_173149766_png.rf.8445a77031f658ed04c3af8bf5a9299c.jpg,benign
data/benign/2957_807771716_png.rf.3cfbe4dd862fa0dc046ee210d41475cb.jpg,benign
data/benign/2539_348435445_png.rf.01401f6e7f03a3a5dcd723fbd6be3992.jpg,benign
data/benign/236_1563922629_png.rf.93fda04ea3593a1da22c03580dde922f.jpg,benign
data/benign/2898_630769850_png.rf.f3c28211d2bd7528f13eb5ffa49e2511.jpg,benign
data/benign/28_1113093954_png.rf.8e97e27987512d9737fb9d220b47efcc.jpg,benign
data/benign/299_1654789535_png.rf.45d4c9cd6c775b34ef1e8a9c396cce79.jpg,benign
data/benign/1767_1052935997_png.rf.da2e19acecd05c711c41b7609d937dcb.jpg,benign
data/benign/122_1302871879_png.rf.fa8ba0dec82eab344d99f65fef1b4231.jpg,benign
data/benign/2943_839802281_png.rf.42cd2f1df7ea59fb81538d396cb480ca.jpg,benign
data/benign/1612_18785166_png.rf.2257db1c9bbb9643ba900e440140c88e.jpg,benign
data/benign/393_1702011739_png.rf.c15083efff236d3bf4293adee328d966.jpg,benign
data/benign/2266_934886864_png.rf.19c776702a3d80ae0b0900e9cb487492.jpg,benign
data/benign/1649_412431132_png.rf.f53819352af5f7e5c1601df92aa0c663.jpg,benign
data/benign/2824_933744975_png.rf.cc005005880af3230ec4aad0d9f8e9cb.jpg,benign
data/benign/2482_424945901_png.rf.0e8674fb52ed2778403847e41440496f.jpg,benign
data/benign/49_323049527_png.rf.7a184659b8f317bcebd21951275ffaf8.jpg,benign
data/benign/2637_791512349_png.rf.93e58bbd671a5322cc98f83f8767cd97.jpg,benign
data/benign/2831_774466555_png.rf.f5139ee0f9887b1b369be351b4b821f5.jpg,benign
data/benign/188_1586516289_png.rf.a6b4a9be9e66cec811bbe39f78fa6841.jpg,benign
data/benign/3319_119354333_png.rf.9f98cab4af91b62d8f57554a8bd16875.jpg,benign
data/benign/3089_1707733080_png.rf.96839d9f2ef59a91774ce8fe9b9c4420.jpg,benign
data/benign/882_1862657753_png.rf.fa93b35e61989a6f7b6d873f01b24bca.jpg,benign
data/benign/2592_1533102852_png.rf.bdd4dcad5f5fbfb6b261aa7030885cb3.jpg,benign
data/benign/816_1852463597_png.rf.da10310f86f93fc0de797e080de3a035.jpg,benign
data/benign/452_1444547401_png.rf.266f92154836dd024409131e117d16e4.jpg,benign
data/benign/3313_701508835_png.rf.8c6864da1573ab7797b754cdd0e5942c.jpg,benign
data/benign/362_340925683_png.rf.709564388cff142fa2f5b9662d1e7107.jpg,benign
data/benign/364_90886871_png.rf.38f2e0e40f3f3de8a297930f7f6e0526.jpg,benign
data/benign/2028_1955295882_png.rf.ff734529676cc6dd9f0c7b5a09d861d9.jpg,benign
data/benign/158_1664252852_png.rf.09344591d7d30fcee1c1b8d8aa8a8202.jpg,benign
data/benign/2086_841536964_png.rf.6e7591fc36ec673960af9bd58383f04c.jpg,benign
data/benign/2210_1246377572_png.rf.29d0cb11c546f269e80b73dcce0db295.jpg,benign
data/benign/30_244873631_png.rf.a0160a647712898d162dce683b71676c.jpg,benign
data/benign/362_1503571137_png.rf.86976affb17c25657ff20e083f143b09.jpg,benign
data/benign/2482_1844464301_png.rf.f30bd7ec1711f8a42790ea0d88260586.jpg,benign
data/benign/3327_629300252_png.rf.5e4d36961c9f3db805402288b46b46b6.jpg,benign
data/benign/907_2098531446_png.rf.7d1d60e2914bc4e2f96c663548b382f8.jpg,benign
data/benign/2744_13186412_png.rf.b163b2d3ec0cc3388a80107c5390f911.jpg,benign
data/benign/2592_1976428340_png.rf.e8370256275cfcbd5f0706a8f3c9aa0b.jpg,benign
data/benign/1727_2127906581_png.rf.36a580429671d82db839b44989049f6f.jpg,benign
data/benign/1812_786833677_png.rf.ca72de984caa5b3d6bac3410c42851ab.jpg,benign
data/benign/1939_1399356698_png.rf.653b2dbd04972c931b412c8d13c79722.jpg,benign
data/benign/1767_976447556_png.rf.f11f02e29edc375d8cecd92fa4e4f28b.jpg,benign
data/benign/2112_540321150_png.rf.d9dff51d83407bab0311831fcddcde2c.jpg,benign
data/benign/2625_73762179_png.rf.7341d155906106e498dc6e7584d0aa87.jpg,benign
data/benign/1960_369822724_png.rf.bae27579c61779b0c950d55d6e1d0af4.jpg,benign
data/benign/2313_87547612_png.rf.131e0bd7f98204140f87b71f52cd1c6a.jpg,benign
data/benign/882_1450668625_png.rf.03b272d4bce396f66ef306e4f6713422.jpg,benign
data/benign/655_779039908_png.rf.58680d20a69a7f6911c378e8dabb59b6.jpg,benign
data/benign/1812_607464221_png.rf.a8b57b7df66b21a6075557ad996c73ca.jpg,benign
data/benign/2638_1756206654_png.rf.639f5dbd00c12ffbfd29025e32ba5274.jpg,benign
data/benign/2288_1795005889_png.rf.acfa3a840ed0de2309476ed19a7fe273.jpg,benign
data/benign/1578_173305807_png.rf.574526701f38252f7ab0be5423a2ae1a.jpg,benign
data/benign/2271_1480762874_png.rf.a315c046fda3fed7e7a203b7b0f70bf8.jpg,benign
data/benign/2028_1815868287_png.rf.81f4205f5c7ffc3de117b21864bb66db.jpg,benign
data/benign/2718_104362628_png.rf.5e16dafc11c8cea347bb5e095fd456e2.jpg,benign
data/benign/924_1550248827_png.rf.2cf24351d8680a0c1f3b61e1c2053a2b.jpg,benign
data/benign/2958_1607944853_png.rf.6a68231bdb27d72e292108775119148b.jpg,benign
data/benign/2612_767222515_png.rf.af0f5d2386778a4610635afef43ab1f4.jpg,benign
data/benign/2613_2083568931_png.rf.697eb3a83e3c3f929dd1a0e5416f4436.jpg,benign
data/benign/1747_658649988_png.rf.0f5740e218aacff6473c340e360588ef.jpg,benign
data/benign/5_1633417959_png.rf.af5d8efa84096441e085a55065621359.jpg,benign
data/benign/2009_1989704448_png.rf.5f2d749e1afba8f8874f1bc5f1045fff.jpg,benign
data/benign/1721_1210710276_png.rf.04316b70c4ba8a43006e7ea4fe1929ac.jpg,benign
data/benign/3315_1186359392_png.rf.56b8a4a6765894ef5d95fcd7047e9948.jpg,benign
data/benign/260_1569178071_png.rf.d96280bd5d34e00255a9b927c2df831a.jpg,benign
data/benign/2480_1782583190_png.rf.e91292dc5f84d57127679fcac757b298.jpg,benign
data/benign/2704_2017924690_png.rf.06e7d075ebafecf67f75e2405137f068.jpg,benign
data/benign/2814_525277600_png.rf.bffc51cda4c7666b63ceaf8dca2c8f7b.jpg,benign
data/benign/2625_2032488254_png.rf.bb904974023d2d4b417e688429be93cd.jpg,benign
data/benign/402_349759783_png.rf.2623d06a14dee6ecafb7884e412e0ffe.jpg,benign
data/benign/2821_1329945541_png.rf.0931f5d386ad027742cdb24142721b56.jpg,benign
data/benign/3313_1972611132_png.rf.bff1f8962fb2ff57287c2e4e6acc576b.jpg,benign
data/benign/547_1025777243_png.rf.28344f0df45f5a03f1f7920bf4ec6948.jpg,benign
data/benign/883_838748644_png.rf.d729b68711d0dc6d8daed38080513a23.jpg,benign
data/benign/2815_1890050572_png.rf.3e4192f80921c5433595d5532c6ef032.jpg,benign
data/benign/806_886957103_png.rf.bd642699eec04c758ee146a64d4a0959.jpg,benign
data/benign/2051_623873601_png.rf.4dd71e1f49ad24ac32d13399bb3f5a58.jpg,benign
data/benign/2685_625307993_png.rf.baef9d3e8b0b59c1aa012fcc075ed5a1.jpg,benign
data/benign/1968_765668143_png.rf.457d96bdd0ef220ee688ceee80ca11f7.jpg,benign
data/benign/2810_118770993_png.rf.8ebc988a595d25ef097d59c4f7e1eb23.jpg,benign
data/benign/2543_739028972_png.rf.2e256d5f02e852fb3cd980082d7514d2.jpg,benign
data/benign/3227_1466806392_png.rf.c5e9579e3b7f49714aacaddc471eea3b.jpg,benign
data/benign/2964_998187143_png.rf.3a83be7cfa73ff3334572c14ce1f9147.jpg,benign
data/benign/3267_1621987777_png.rf.c43f142c2c1c0e26644f842c0f207186.jpg,benign
data/benign/602_312995648_png.rf.5447fb5bed50fbf55fa6cf6ab4e86d04.jpg,benign
data/benign/2408_495905426_png.rf.8b9d53b7081528e45caaa69d8400d25d.jpg,benign
data/benign/2756_1578791959_png.rf.f3670017b3f0e4c455bee050db8fd7ff.jpg,benign
data/benign/613_545046242_png.rf.be23791ad468494c6eb50ee82197f495.jpg,benign
data/benign/2168_1674866478_png.rf.284a9979cd1c2c9382ea68f349208a87.jpg,benign
data/benign/2336_2076992444_png.rf.d439aa4e7a183903fa0872a0153dd443.jpg,benign
data/benign/2086_1450443663_png.rf.1527d8460cc833ea63d8831f09aea717.jpg,benign
data/benign/1719_479909242_png.rf.839032c1716e332fcfb4e50fdbc6c8ce.jpg,benign
data/benign/397_1789866598_png.rf.40cfbab4891d9e9f784d340cabe7abfa.jpg,benign
data/benign/2638_317645050_png.rf.901da64c6e3f1607957f3d75d11bdf9d.jpg,benign
data/benign/2814_1247957281_png.rf.a04d8fb4fda910bfa97fecf6943b4c6c.jpg,benign
data/benign/2694_1934586090_png.rf.920a781f425779b68d7d20c90b1b2ab0.jpg,benign
data/benign/1599_1024465844_png.rf.07d88753120d5d974f19b563ca6ae66d.jpg,benign
data/benign/2331_123534365_png.rf.687f9b86ada58ad81ecfd463922f0f5f.jpg,benign
data/benign/2069_1134837035_png.rf.63958c70542d1f248150fcd7ca1a0f61.jpg,benign
data/benign/2408_1275824330_png.rf.cd96e6cfe142b604433c55bbba21c520.jpg,benign
data/benign/247_954980275_png.rf.926f793133ed1f7026323a5f17fddb75.jpg,benign
data/benign/1785_1278794856_png.rf.cb24c188b83f37c7d0b41fe7d9fc1562.jpg,benign
data/benign/3255_896090087_png.rf.11d0386fe615b14429f9023aa456373f.jpg,benign
data/benign/851_963986856_png.rf.3c00064dc52d683b77e599c86476a0d2.jpg,benign
data/benign/865_631715434_png.rf.f69025add079125ddbffdc5cd461f338.jpg,benign
data/benign/547_1239771609_png.rf.0affafbd79e363dc01d8eec2fab53e9b.jpg,benign
data/benign/3064_387415475_png.rf.7e66479c54b4dd2b1a4c1f2dae2c86f2.jpg,benign
data/benign/2685_1771716648_png.rf.664de1f760fc6bf9a01cb5b0bc855cd0.jpg,benign
data/benign/2923_909374161_png.rf.53670b9fa05caef78aa8c619a133d452.jpg,benign
data/benign/289_1262638817_png.rf.f4fd811d074cff547d64220c569950e1.jpg,benign
data/benign/2317_1551743306_png.rf.dcd5e388f2238e6ca80abcfa67a13949.jpg,benign
data/benign/1890_912650380_png.rf.b2d59a99ea31528fd991582068344d5b.jpg,benign
data/benign/2831_840692125_png.rf.7bb23fdc5c900a5100c8acb74eec0c4b.jpg,benign
data/benign/2317_1935829544_png.rf.f6c94243f36c2b029e04eb8a0899cf85.jpg,benign
data/benign/2864_458684637_png.rf.4aa82acb5e2b3b9c78709759e331d9bf.jpg,benign
data/benign/907_1797111482_png.rf.b7e0736d34da40aadfa1cd3df4e29277.jpg,benign
data/benign/5_1351088028_png.rf.23b179fbcc55c993c304bf283f80f607.jpg,benign
data/benign/2482_1739892391_png.rf.cf685cc33e9e0ae86e0decc876d5df7e.jpg,benign
data/benign/3013_1404448369_png.rf.9bc9a9ac49725b7c9c01b17f2548baff.jpg,benign
data/benign/2599_1781563911_png.rf.7a8b148fec031c2594eeab67170e5b15.jpg,benign
data/benign/3089_826929833_png.rf.e4d49621908e6e8c4634ea676fbb302c.jpg,benign
data/benign/1866_523676145_png.rf.b0555f39542b42de8ab0d724fcf83d64.jpg,benign
data/benign/625_75130062_png.rf.e6d47b371e94a1c5915024c7a72a3e95.jpg,benign
data/benign/657_205721542_png.rf.cf18b37de125c3672bc4f555a600bd38.jpg,benign
data/benign/2824_1613421205_png.rf.a491b1595162a38e4c6770da80eba8f9.jpg,benign
data/benign/2864_778199307_png.rf.f7bb03165da6b0ba8515faf74cc211d1.jpg,benign
data/benign/2810_239968975_png.rf.ef067ab102cc484925d92a435499aefb.jpg,benign
data/benign/2205_75545464_png.rf.37bd7d9aebd3b0e70002660108e36e9c.jpg,benign
data/benign/2303_33009280_png.rf.2e32511e15ce075d09dc71d279d878fd.jpg,benign
data/benign/209_1953229819_png.rf.4f43180d6309b720f9bbb956ce2787c4.jpg,benign
data/benign/1676_1010508871_png.rf.4f510e5d5302f6a81093fd4bd3921b6a.jpg,benign
data/benign/393_1359539942_png.rf.203550d9ef349f7a566ae0214decb76b.jpg,benign
data/benign/602_617891556_png.rf.5e80f3c39931df21f0d46db73873f962.jpg,benign
data/benign/1983_1966406947_png.rf.88994f866e0fa5350fdc6329f8e97406.jpg,benign
data/benign/390_1027749143_png.rf.be9af7d9dae5f169e3e968fe3ba7e8f7.jpg,benign
data/benign/757_1591494854_png.rf.13f024fc306f70b9749fb98f70158f3c.jpg,benign
data/benign/122_921937972_png.rf.c278c286b46dfb5e29b07281340ba0fa.jpg,benign
data/benign/1701_818917905_png.rf.0bdaa289a87abe54f0f1d250a9e7409d.jpg,benign
data/benign/3083_2004870917_png.rf.f0fe1f8afac7f3b2827c5295d14a6419.jpg,benign
data/benign/532_1031466118_png.rf.03dd2e67158b5d66557ed2753abd6215.jpg,benign
data/benign/778_1814791758_png.rf.0053edd8d4c557709b307bb4d9a76d6e.jpg,benign
data/benign/713_40895723_png.rf.eafb2aa89726190cf3caebd23fc815f8.jpg,benign
data/benign/2104_19807906_png.rf.c01ed0f4db49245b9123223cc648cb45.jpg,benign
data/benign/1599_115101454_png.rf.f16b973284094d26253152b69702a92d.jpg,benign
data/benign/2452_649819775_png.rf.7f5dac78b837e50b514026dc168ff559.jpg,benign
data/benign/2543_267709685_png.rf.e1133e69c24a08ea4e36923f2cfcec95.jpg,benign
data/benign/2834_490966713_png.rf.7a98fa42f0a3fb1b2ae577bfb03fe65b.jpg,benign
data/benign/209_274674161_png.rf.4df812612c37c1dbe84773c6ad4d94fd.jpg,benign
data/benign/1812_1223020843_png.rf.d3052059b8e7afd8d2533f7e3cbf7b05.jpg,benign
data/benign/2770_1104257184_png.rf.1ca54dc8ebe2239b27731456345bb3bf.jpg,benign
data/benign/2111_1009162490_png.rf.d913a3eb196202311a58a16eb4d68950.jpg,benign
data/benign/2625_953025289_png.rf.0c15d436a498ac7e6f049fda80ddb0d2.jpg,benign
data/benign/3313_1064981992_png.rf.3fe0d15f9250ec4ef8b42bf7ea2cfd7d.jpg,benign
data/benign/1659_757991004_png.rf.2147b67daf6586cfbb1b8f6cb562874b.jpg,benign
data/benign/72_158596367_png.rf.ab7bf37ed3cfa971b19e51023c01f855.jpg,benign
data/benign/3219_2007308736_png.rf.2d7582f92e04c6e7929ea7b09097b83b.jpg,benign
data/benign/767_387750033_png.rf.13763c46c222f9c7e05ad594ad165038.jpg,benign
data/benign/426_377223559_png.rf.8f33c84a1946aa67fed51e7e48ed89e0.jpg,benign
data/benign/152_477768074_png.rf.f9edc0d22fcbd57b6ff2830dc6008016.jpg,benign
data/benign/3089_1330599327_png.rf.5a6b400bb18ef1ee03b7075352727b72.jpg,benign
data/benign/1950_1106896106_png.rf.b0377292cc553aedfdc3888b981c292f.jpg,benign
data/benign/561_1308043124_png.rf.e7f17d151c0e2df684b5569befe144f1.jpg,benign
data/benign/1612_384833353_png.rf.dd46edc3ccb2050d461907dcd59f3562.jpg,benign
data/benign/188_1206514740_png.rf.5d02f77a20371d8040c38814738321e4.jpg,benign
data/benign/2810_2028810446_png.rf.b43250b8bcf4a48614756f8676dc4786.jpg,benign
data/benign/529_1440714436_png.rf.eba7a7b49b11f200d1cb7d968b12234b.jpg,benign
data/benign/3258_915557234_png.rf.5f6adbfa5ddb5bf9cc5a64136f6ee2aa.jpg,benign
data/benign/128_1339117131_png.rf.773c03fe86ec13baa39cbda149baefff.jpg,benign
data/benign/2991_1969574383_png.rf.a10b81e94fba0b1348324f73bc2aa9e3.jpg,benign
data/benign/2992_1839383720_png.rf.31b88a8cf1eab85f93187ae89a051213.jpg,benign
data/benign/79_1968162207_png.rf.6e43df5f3a109e23b41ad4d136aa91d9.jpg,benign
data/benign/129_636847368_png.rf.ca55bfe0960faccf0ec98ece50cae936.jpg,benign
data/benign/426_824075419_png.rf.bf5c7eeb2bf524e67f8f5a7c5faacbdd.jpg,benign
data/benign/1724_1212520076_png.rf.25764ab6524bf60ae294a3a9dd4f089a.jpg,benign
data/benign/2816_822746775_png.rf.e4ee1e441e2280d8ba31ed36344074b9.jpg,benign
data/benign/2600_1421189899_png.rf.778b8442eef0ab4bbfa2018e53d14544.jpg,benign
data/benign/2313_2065520937_png.rf.06fe059a38b13c1f86ff34bcde2af9c3.jpg,benign
data/benign/1783_506825270_png.rf.abd9aec46262c1828797459793466758.jpg,benign
data/benign/2830_1783955417_png.rf.a3a2f7c13077a46cdec034f22a03b92f.jpg,benign
data/benign/1948_1671990772_png.rf.f601bdb18d00e38dfe9377f7c7b67f3f.jpg,benign
data/benign/1638_1923297632_png.rf.ac117130fda038f0ce846f93eb001779.jpg,benign
data/benign/666_1184741667_png.rf.a9e79ae76a5a3376c85f4f375ab91cad.jpg,benign
data/benign/2958_894238447_png.rf.fdd1d74e9ce5e1f1a20b3018aef91851.jpg,benign
data/benign/1948_673454318_png.rf.187859efa42b4b7c2c4a678c5d9246e3.jpg,benign
data/benign/318_359724140_png.rf.6eee78230513039f4935c39a1493ab5e.jpg,benign
data/benign/1786_287047055_png.rf.fd406030db7cfee746416117c94a30e6.jpg,benign
data/benign/2168_2118245913_png.rf.d43bfe18d73bdfaf8cb4d5427d4e8a16.jpg,benign
data/benign/2522_1279287885_png.rf.70aaf4da3b6db71a7b2a8d621da1370c.jpg,benign
data/benign/2030_992775426_png.rf.df85416a26dd4cb665bb104d6a34d303.jpg,benign
data/benign/1674_621776904_png.rf.4e5bf3fca102e2b7498f8629d6d5369e.jpg,benign
data/benign/648_1517151330_png.rf.ac2761ccf2edd987100d7bf140adb2a6.jpg,benign
data/benign/2271_1847226167_png.rf.211699cc899eb8a0f238dee2d01fb6df.jpg,benign
data/benign/3212_1816740196_png.rf.2a96aa9feb8cc44aa7131e4dbe70ab88.jpg,benign
data/benign/993_880957451_png.rf.270eddbaf6f4982db75a542e6b475a30.jpg,benign
data/benign/2069_374507613_png.rf.bafbb53230ac26fea3d6024a0c522462.jpg,benign
data/benign/2476_2039818549_png.rf.c1c6bacc1c8df4a750d55b959b12070a.jpg,benign
data/benign/441_454092367_png.rf.e4b21d2e804086151024bdebe7abad36.jpg,benign
data/benign/2290_1803805719_png.rf.617bf06358a847bd398d0ce1177b6a86.jpg,benign
data/benign/661_986169342_png.rf.c18b0271e51a672cbaa2eda542b8ae57.jpg,benign
data/benign/3299_1615664067_png.rf.14f2598682c19d56cd38dc892209cbf7.jpg,benign
data/benign/2516_703432485_png.rf.931dbd2d7e938020e656b7cd1292a6ad.jpg,benign
data/benign/2864_359860079_png.rf.a30daefecd2bc74f6771a18d044e6d4f.jpg,benign
data/benign/2770_1833521248_png.rf.e41076efeed9f6254d826c53d409c939.jpg,benign
data/benign/924_900477464_png.rf.3395212c3e825ac0b00ff2149e50b51d.jpg,benign
data/benign/3319_519233223_png.rf.aa25c576e6b94bf0b37ec86356a2a535.jpg,benign
data/benign/3215_1638419403_png.rf.37371b1a6ad0fd18fade41972824f175.jpg,benign
data/benign/426_432240541_png.rf.75069efeb43f7368145b495813683f46.jpg,benign
data/benign/1766_1486547358_png.rf.a2ea8eb80148801653ec84c9213aece7.jpg,benign
data/benign/1963_1543774075_png.rf.e52631499c30ac5758a071820b99d745.jpg,benign
data/benign/778_1103709351_png.rf.109af4668a93a30566c43cf15f842a2a.jpg,benign
data/benign/2989_514646450_png.rf.f8ae91ffad1fb04a053a2b626ff7c5de.jpg,benign
data/benign/129_460565604_png.rf.11782cbd66cdd887a8bf6c46e92b09ff.jpg,benign
data/benign/1917_1498177276_png.rf.56f206473b815d9c0e1751e53eec4c4d.jpg,benign
data/benign/3251_1689885822_png.rf.9147b8455ef70fe476a2540b3b4a776c.jpg,benign
data/benign/2641_718697179_png.rf.7a992500f643b14f8ca715984a1a53de.jpg,benign
data/benign/2776_1521640813_png.rf.67f610027321f355ff5bd4cb363c3388.jpg,benign
data/benign/2625_2032071860_png.rf.69c3d7ffb1726f54ba08efdd581c7a52.jpg,benign
data/benign/1939_291057023_png.rf.2289e312b8334f63b7eb70cf95738a37.jpg,benign
data/benign/2452_814516319_png.rf.f4b56dd167e5a34c3565f39b08876661.jpg,benign
data/benign/1625_315694403_png.rf.d7d5b7142d648354ce37c763ef8f8902.jpg,benign
data/benign/1758_923710334_png.rf.bcdfc5180dce19daa683234d93912b86.jpg,benign
data/benign/529_1262075927_png.rf.4ddae0e94a91ee6c984719003fb63c74.jpg,benign
data/benign/397_734581318_png.rf.aa9c46b6751a35b096b4f56f34de8531.jpg,benign
data/benign/2104_1788273711_png.rf.61967ad293b938ddee14cca8c377af0c.jpg,benign
data/benign/1890_1011558583_png.rf.8ea6e43ee8ffabf3d8a8f7726f82c32f.jpg,benign
data/benign/2163_1188948682_png.rf.ae6b7229f6bae4f8577a2d9b0bb15691.jpg,benign
data/benign/2131_831356114_png.rf.9f3fde5f0dd7f0150cceef840833b62e.jpg,benign
data/benign/665_785975238_png.rf.30cb8b8dd22b93ee9816e46dbd5d0a5c.jpg,benign
data/benign/1950_794265311_png.rf.ab0cf0a0e35467031d1ec74c5004dbf0.jpg,benign
data/benign/851_483300462_png.rf.851d0101aab5c743dc1962480ffa2742.jpg,benign
data/benign/2728_293101890_png.rf.63a515179fc444ae869f4655fe0152e5.jpg,benign
data/benign/278_1280738549_png.rf.76c3adb4c925e218aea0bf64143bf697.jpg,benign
data/benign/577_1733264049_png.rf.0c784a1e50228175414225cb45ba8e4a.jpg,benign
data/benign/896_577002406_png.rf.af91bb42e11a39c5f3300c34e4ee172c.jpg,benign
data/benign/860_675520772_png.rf.433d3fe585070a6e27614d8889f35c13.jpg,benign
data/benign/1657_1614220817_png.rf.3aa04497d8daa14b29ae7d40120ffe0a.jpg,benign
data/benign/2552_189350088_png.rf.cd61fae0915af6f5c2155cfcb2fdcf27.jpg,benign
data/benign/990_837618473_png.rf.0131be3553a003e4520543c844f7cbb5.jpg,benign
data/benign/2149_1092804467_png.rf.850b0d1f4ea68b53c0019cfa665936d6.jpg,benign
data/benign/79_1043635482_png.rf.bb27476630e24d0e3a00ca2d54cd84c1.jpg,benign
data/benign/2600_1946902540_png.rf.4aa0dc4047ddd5b4091c6b13a5c8f47a.jpg,benign
data/benign/236_1600147897_png.rf.c6629e78fd0d2623e37a1d546898d7f8.jpg,benign
data/benign/2770_1577685325_png.rf.e7ac1e7f84467b425a585d48e382e15b.jpg,benign
data/benign/2649_1164641254_png.rf.206280ce04a2018d6318383a26c0b758.jpg,benign
data/benign/551_1674375680_png.rf.c989058b179eb29eb8bdf57b71731b84.jpg,benign
data/benign/2738_344392941_png.rf.9c37062ade048c3ee1316b8e9cfe65a9.jpg,benign
data/benign/477_160213688_png.rf.39d44474ee78f810b0ac78b3103edf34.jpg,benign
data/benign/2721_1169992809_png.rf.7841d41eef17c924294a80db33b7f34f.jpg,benign
data/benign/2657_1356974087_png.rf.ccef8d240306d381f11d531a39791912.jpg,benign
data/benign/1950_33020894_png.rf.44ed6738b06684c2151b7649ff1f9947.jpg,benign
data/benign/243_495125775_png.rf.a0dd2766173b84112448d8b435be4ed0.jpg,benign
data/benign/3319_1543352359_png.rf.c07f14ff863d3533cc8e78ed1d37b67b.jpg,benign
data/benign/2708_1301698665_png.rf.8a7661c21ad08118bc09eb82f542f5a8.jpg,benign
data/benign/882_1567313764_png.rf.3acc6b3155ddd47bffce4f28d77db31a.jpg,benign
data/benign/162_1103586230_png.rf.7010571434806fa24766e79fc0418a9a.jpg,benign
data/benign/1897_515524385_png.rf.49176107e462cc978e157a77776adb9e.jpg,benign
data/benign/2514_1367051656_png.rf.73d3e9f8ae00761940ee398c9292b292.jpg,benign
data/benign/2957_243098654_png.rf.b84299ab65bf110eedb82f23c365ffc9.jpg,benign
data/benign/3041_541344842_png.rf.22e3106be9265cdf0eb8243791f5bbbe.jpg,benign
data/benign/1788_990395766_png.rf.a468e5aaafcf1d1320540d0b507140fc.jpg,benign
